t,innovation,mse,firing_rate,kalman_innovation,kalman_mse
0.000000,2.976885e-03,1.802308e-05,1.093750e+02,2.976885e-03,3.022917e-03
0.001000,1.064042e-05,1.097097e-05,0.000000e+00,2.475984e-03,1.021829e-03
0.002000,4.184817e-05,1.763196e-05,0.000000e+00,1.198245e-03,9.503804e-04
0.003000,5.308578e-03,1.254928e-05,0.000000e+00,3.169436e-03,1.221255e-03
0.004000,4.655538e-04,2.077642e-05,0.000000e+00,2.736926e-03,1.561279e-03
0.005000,2.552390e-03,1.460664e-05,0.000000e+00,9.251451e-04,8.074620e-04
0.006000,2.206699e-03,4.903971e-05,0.000000e+00,4.701103e-04,1.605766e-03
0.007000,3.710213e-04,3.544013e-05,0.000000e+00,2.284252e-03,2.452793e-03
0.008000,2.117234e-05,4.816240e-05,0.000000e+00,3.092808e-04,5.622203e-03
0.009000,1.298445e-03,2.900738e-05,0.000000e+00,3.141431e-03,2.752339e-02
0.010000,2.972599e-04,7.351475e-06,0.000000e+00,1.285069e-05,2.424777e-02
0.011000,1.867508e-06,1.257931e-05,0.000000e+00,1.563321e-04,3.195031e-02
0.012000,1.830948e-03,1.409016e-05,0.000000e+00,3.052734e-03,8.993742e-02
0.013000,1.041318e-02,6.871924e-06,0.000000e+00,1.188579e-02,3.111180e-01
0.014000,1.392181e-03,1.399658e-05,0.000000e+00,1.661813e-03,2.093203e-01
0.015000,9.186659e-04,5.676018e-06,0.000000e+00,9.383290e-04,1.428650e-01
0.016000,3.653035e-04,6.681590e-06,0.000000e+00,4.431747e-04,1.878158e-01
0.017000,4.710557e-03,1.297973e-05,0.000000e+00,4.671396e-03,3.875277e-01
0.018000,2.085763e-03,9.118872e-06,0.000000e+00,1.522499e-03,5.404583e-01
0.019000,3.340952e-03,9.123422e-06,0.000000e+00,2.224175e-03,7.617115e-01
0.020000,2.057676e-03,4.597403e-06,0.000000e+00,3.694914e-03,4.819628e-01
0.021000,6.865066e-04,3.738261e-06,0.000000e+00,1.391425e-03,3.399628e-01
0.022000,2.875155e-03,1.389541e-05,0.000000e+00,3.872553e-03,1.559252e-01
0.023000,7.194469e-04,7.943076e-06,0.000000e+00,9.425393e-04,8.988947e-02
0.024000,5.492357e-04,1.128060e-05,0.000000e+00,4.745716e-04,1.349793e-01
0.025000,3.336142e-03,1.061444e-05,0.000000e+00,3.791097e-03,3.126992e-02
0.026000,4.174601e-04,9.835646e-06,0.000000e+00,3.745768e-04,1.376080e-02
0.027000,1.091114e-02,2.276418e-06,0.000000e+00,1.145045e-02,1.957823e-01
0.028000,3.559393e-03,1.442060e-05,0.000000e+00,4.403333e-03,5.892259e-02
0.029000,3.768696e-05,3.523616e-06,0.000000e+00,2.162546e-05,6.607769e-02
0.030000,3.158858e-04,8.302491e-06,0.000000e+00,3.961082e-04,3.894513e-02
0.031000,7.851491e-06,4.204326e-05,0.000000e+00,4.415130e-06,4.189708e-02
0.032000,1.908721e-03,5.562993e-05,0.000000e+00,1.815560e-03,1.047439e-01
0.033000,3.831728e-03,5.341650e-05,0.000000e+00,3.252051e-03,2.341185e-01
0.034000,9.964234e-03,3.152536e-05,0.000000e+00,8.071115e-03,5.301321e-01
0.035000,1.942606e-04,4.291178e-05,0.000000e+00,1.017444e-03,4.162276e-01
0.036000,8.671438e-03,3.377809e-05,0.000000e+00,5.940991e-03,7.175263e-01
0.037000,4.563594e-04,3.936146e-05,0.000000e+00,2.816864e-06,7.078995e-01
0.038000,6.576380e-03,3.756214e-05,0.000000e+00,1.099199e-02,3.355250e-01
0.039000,9.659222e-04,1.606038e-05,0.000000e+00,2.222208e-03,2.161750e-01
0.040000,1.275747e-03,8.807574e-06,0.000000e+00,5.236114e-04,2.677155e-01
0.041000,4.168914e-03,7.811802e-06,0.000000e+00,2.443673e-03,3.966045e-01
0.042000,7.668203e-04,8.846919e-06,0.000000e+00,6.577209e-05,4.197782e-01
0.043000,4.336364e-04,1.191876e-05,0.000000e+00,9.236597e-10,4.191027e-01
0.044000,2.766086e-04,1.136581e-05,0.000000e+00,1.454312e-03,3.202869e-01
0.045000,3.384443e-03,3.635639e-06,0.000000e+00,1.518956e-03,4.207534e-01
0.046000,4.283068e-03,9.946933e-06,0.000000e+00,7.780869e-03,2.192825e-01
0.047000,2.883087e-03,1.532352e-05,0.000000e+00,1.368117e-03,2.951380e-01
0.048000,1.768524e-03,7.678887e-06,0.000000e+00,3.846493e-03,1.790377e-01
0.049000,3.762598e-04,6.885228e-06,0.000000e+00,1.244601e-03,1.277102e-01
0.050000,2.437883e-04,3.735000e-05,0.000000e+00,8.592022e-04,9.321097e-02
0.051000,4.400383e-03,1.393270e-05,0.000000e+00,2.962023e-03,1.615744e-01
0.052000,3.972081e-02,1.875815e-05,0.000000e+00,4.642627e-02,8.061910e-04
0.053000,7.155847e-03,1.371006e-05,0.000000e+00,6.973900e-03,2.842555e-02
0.054000,1.571287e-03,2.010857e-05,0.000000e+00,2.180589e-03,8.373954e-03
0.055000,5.508588e-04,3.871962e-05,0.000000e+00,7.510403e-04,2.394775e-03
0.056000,1.901243e-03,1.663255e-05,0.000000e+00,2.090062e-03,5.568838e-04
0.057000,1.418424e-03,2.161149e-05,1.562500e+01,1.344103e-03,6.358764e-03
0.058000,1.822814e-04,1.917720e-05,0.000000e+00,8.433199e-05,8.183037e-03
0.059000,2.653568e-04,3.295098e-05,0.000000e+00,4.540563e-04,3.293032e-03
0.060000,7.096264e-03,2.252822e-05,0.000000e+00,6.490415e-03,2.976775e-02
0.061000,1.969004e-04,8.551072e-06,0.000000e+00,5.353922e-04,2.027328e-02
0.062000,1.235679e-03,5.163148e-06,0.000000e+00,1.840803e-03,7.239964e-03
0.063000,2.627572e-05,1.054271e-05,0.000000e+00,1.042919e-04,5.056458e-03
0.064000,3.845744e-03,1.585502e-05,0.000000e+00,4.425212e-03,2.247713e-04
0.065000,8.020542e-03,1.954060e-05,0.000000e+00,8.074772e-03,1.564414e-02
0.066000,1.003751e-04,5.064933e-05,0.000000e+00,2.097403e-05,1.720708e-02
0.067000,4.075072e-04,8.103643e-05,1.562500e+01,6.782328e-04,1.025092e-02
0.068000,6.974017e-03,4.848005e-05,1.562500e+01,6.372941e-03,3.825770e-02
0.069000,4.355672e-03,4.258753e-05,0.000000e+00,3.176303e-03,6.782333e-02
0.070000,4.853979e-04,3.006771e-05,0.000000e+00,1.248684e-03,4.845430e-02
0.071000,1.632273e-04,7.774854e-06,0.000000e+00,5.848258e-04,3.690235e-02
0.072000,3.879282e-03,2.849171e-05,0.000000e+00,5.248531e-03,1.297451e-02
0.073000,3.926887e-05,6.227022e-05,0.000000e+00,6.891435e-08,1.320811e-02
0.074000,1.191921e-03,3.591569e-05,0.000000e+00,8.058929e-04,2.057952e-02
0.075000,2.254576e-06,6.191833e-05,0.000000e+00,8.898115e-05,1.801302e-02
0.076000,1.146372e-03,4.332270e-05,0.000000e+00,6.935027e-04,2.555384e-02
0.077000,1.850525e-04,5.633777e-05,0.000000e+00,1.944642e-05,2.677962e-02
0.078000,6.315386e-04,8.976820e-05,0.000000e+00,1.206947e-03,1.710159e-02
0.079000,9.127592e-04,1.637787e-04,0.000000e+00,1.443693e-03,8.964159e-03
0.080000,4.291855e-05,1.935832e-04,0.000000e+00,1.514122e-04,7.137340e-03
0.081000,1.574581e-04,1.332050e-04,0.000000e+00,5.463839e-05,8.244822e-03
0.082000,1.983144e-03,9.596408e-05,0.000000e+00,1.511168e-03,1.524295e-02
0.083000,1.573135e-04,1.213398e-04,0.000000e+00,4.187095e-04,1.100459e-02
0.084000,2.201118e-03,7.699540e-05,0.000000e+00,2.897757e-03,3.744884e-03
0.085000,5.700196e-04,4.690053e-05,0.000000e+00,7.806272e-04,1.465318e-03
0.086000,3.696331e-03,3.912652e-05,0.000000e+00,3.386544e-03,7.431710e-03
0.087000,9.171186e-05,6.483303e-05,0.000000e+00,1.423452e-05,8.051261e-03
0.088000,2.637043e-03,6.364334e-05,0.000000e+00,3.300328e-03,2.164515e-03
0.089000,6.277153e-04,5.330902e-05,0.000000e+00,4.815273e-04,4.179155e-03
0.090000,6.165252e-05,9.623700e-05,0.000000e+00,1.483077e-04,3.241539e-03
0.091000,1.581128e-04,1.353012e-04,1.562500e+01,2.663529e-04,1.998948e-03
0.092000,8.360253e-03,1.892412e-04,0.000000e+00,8.931571e-03,6.958193e-04
0.093000,6.612951e-03,2.051898e-04,0.000000e+00,6.319398e-03,6.228238e-03
0.094000,1.863723e-07,1.858287e-04,0.000000e+00,4.114373e-05,6.098514e-03
0.095000,7.241504e-04,1.534378e-04,0.000000e+00,1.065595e-03,3.155423e-03
0.096000,1.676588e-06,2.129630e-04,0.000000e+00,8.060616e-06,2.913985e-03
0.097000,2.273848e-03,2.154298e-04,0.000000e+00,1.904512e-03,6.743088e-03
0.098000,1.846662e-02,2.359034e-04,0.000000e+00,1.679021e-02,2.732536e-02
0.099000,3.740913e-03,2.898182e-04,0.000000e+00,5.492069e-03,1.405654e-02
0.100000,9.513931e-04,2.013245e-04,0.000000e+00,1.618634e-03,8.688811e-03
0.101000,9.464735e-03,1.718714e-04,0.000000e+00,8.062510e-03,2.186877e-02
0.102000,8.031337e-04,2.023006e-04,0.000000e+00,2.651590e-04,2.405216e-02
0.103000,9.548658e-05,2.163132e-04,0.000000e+00,1.049790e-05,2.276814e-02
0.104000,2.783262e-04,1.652710e-04,0.000000e+00,8.818106e-04,1.790484e-02
0.105000,1.889517e-07,9.999195e-05,0.000000e+00,1.272477e-04,1.689029e-02
0.106000,1.113829e-03,7.387590e-05,0.000000e+00,4.870279e-04,2.036161e-02
0.107000,1.171572e-03,8.066704e-05,0.000000e+00,4.716766e-04,2.376126e-02
0.108000,1.594117e-06,1.565995e-04,0.000000e+00,1.548294e-04,2.059064e-02
0.109000,4.090125e-03,1.904517e-04,0.000000e+00,5.962969e-03,1.011483e-02
0.110000,3.459637e-03,2.246086e-04,0.000000e+00,4.697841e-03,3.906921e-03
0.111000,6.910107e-04,1.755380e-04,0.000000e+00,3.889395e-04,5.559277e-03
0.112000,1.693138e-03,1.800100e-04,0.000000e+00,1.127262e-03,8.322307e-03
0.113000,1.020288e-03,1.892218e-04,0.000000e+00,1.696067e-03,4.735305e-03
0.114000,1.620274e-03,2.269600e-04,0.000000e+00,1.078982e-03,6.931230e-03
0.115000,3.268469e-03,2.275223e-04,0.000000e+00,4.381445e-03,2.451386e-03
0.116000,1.004351e-04,2.173726e-04,0.000000e+00,1.593075e-05,2.693799e-03
0.117000,4.004948e-03,2.112374e-04,1.562500e+01,3.249766e-03,6.507336e-03
0.118000,1.334701e-04,1.511274e-04,3.125000e+01,3.859508e-04,5.353528e-03
0.119000,1.725651e-04,1.511292e-04,0.000000e+00,4.909550e-04,3.898341e-03
0.120000,3.445472e-03,2.100609e-04,0.000000e+00,4.460097e-03,8.508251e-04
0.121000,1.338221e-03,1.740809e-04,0.000000e+00,9.909052e-04,2.042636e-03
0.122000,3.972645e-04,1.390574e-04,0.000000e+00,7.026839e-04,1.124214e-03
0.123000,9.323401e-03,1.728722e-04,1.562500e+01,8.304669e-03,5.481227e-03
0.124000,3.702241e-03,1.242787e-04,0.000000e+00,4.850328e-03,2.028559e-03
0.125000,2.217054e-03,1.392672e-04,0.000000e+00,2.791007e-03,4.455038e-04
0.126000,3.393959e-03,1.904846e-04,0.000000e+00,3.804784e-03,8.366819e-05
0.127000,3.974053e-04,3.015956e-04,0.000000e+00,3.701882e-04,2.113204e-05
0.128000,1.256476e-05,2.746865e-04,0.000000e+00,2.600884e-05,3.368413e-05
0.129000,9.328047e-05,2.898210e-04,0.000000e+00,1.209463e-04,1.169715e-04
0.130000,3.258659e-03,3.138118e-04,0.000000e+00,3.357687e-03,1.260370e-03
0.131000,1.179271e-02,3.515806e-04,0.000000e+00,1.216336e-02,1.201631e-04
0.132000,4.508758e-04,3.146937e-04,1.562500e+01,5.940764e-04,1.944452e-05
0.133000,1.690793e-04,2.776653e-04,0.000000e+00,2.093346e-04,2.334266e-05
0.134000,3.139288e-03,2.858369e-04,0.000000e+00,3.235104e-03,7.353514e-04
0.135000,1.485090e-03,3.717846e-04,0.000000e+00,1.362789e-03,1.945537e-03
0.136000,3.750441e-05,4.166909e-04,0.000000e+00,8.764797e-05,1.728232e-03
0.137000,2.572496e-08,4.449411e-04,0.000000e+00,7.284399e-06,1.700952e-03
0.138000,5.994577e-03,4.758279e-04,0.000000e+00,6.430569e-03,1.290447e-04
0.139000,3.363623e-03,5.679190e-04,0.000000e+00,3.286791e-03,8.340678e-05
0.140000,3.121919e-04,5.168236e-04,0.000000e+00,4.328984e-04,4.015061e-05
0.141000,1.967512e-03,6.146641e-04,0.000000e+00,1.770802e-03,3.583295e-04
0.142000,6.642073e-04,7.470821e-04,0.000000e+00,8.920776e-04,1.031692e-04
0.143000,1.888603e-04,7.269622e-04,0.000000e+00,2.756658e-04,1.094627e-04
0.144000,5.850462e-03,8.221945e-04,0.000000e+00,6.188978e-03,1.141940e-03
0.145000,1.225885e-02,7.178758e-04,1.562500e+01,1.200962e-02,5.045076e-03
0.146000,2.101984e-03,6.485954e-04,0.000000e+00,2.585766e-03,2.689912e-03
0.147000,8.829482e-04,6.073562e-04,0.000000e+00,1.064116e-03,1.591918e-03
0.148000,1.145988e-05,5.936331e-04,0.000000e+00,2.449364e-05,1.449978e-03
0.149000,5.018430e-04,6.550653e-04,0.000000e+00,4.421636e-04,2.162191e-03
0.150000,1.465210e-02,6.187043e-04,0.000000e+00,1.520685e-02,1.650089e-05
0.151000,3.876496e-03,6.391825e-04,0.000000e+00,3.529302e-03,2.445320e-04
0.152000,2.773905e-03,5.930701e-04,0.000000e+00,2.239419e-03,1.046608e-03
0.153000,6.935039e-03,7.008065e-04,0.000000e+00,5.765035e-03,3.160778e-03
0.154000,5.282712e-05,5.786785e-04,0.000000e+00,1.076518e-05,3.242367e-03
0.155000,8.361263e-04,5.817691e-04,0.000000e+00,3.394449e-04,3.926830e-03
0.156000,1.239014e-03,6.307162e-04,0.000000e+00,2.164920e-03,2.174817e-03
0.157000,1.783329e-04,7.190205e-04,0.000000e+00,5.221682e-04,1.458552e-03
0.158000,5.068620e-04,8.182670e-04,0.000000e+00,1.928478e-04,1.697947e-03
0.159000,3.648854e-05,9.326014e-04,0.000000e+00,2.340128e-04,1.162673e-03
0.160000,2.943322e-06,8.716570e-04,0.000000e+00,4.873641e-05,1.064673e-03
0.161000,9.840132e-04,8.990555e-04,0.000000e+00,5.242442e-04,1.543780e-03
0.162000,1.230799e-03,8.992418e-04,0.000000e+00,6.563374e-04,2.205591e-03
0.163000,7.675843e-05,8.303491e-04,0.000000e+00,3.737092e-04,1.807885e-03
0.164000,8.743750e-04,9.005529e-04,0.000000e+00,1.554675e-03,9.549537e-04
0.165000,1.492356e-03,8.740831e-04,0.000000e+00,9.180916e-04,1.580518e-03
0.166000,4.123552e-03,8.705666e-04,0.000000e+00,5.450249e-03,4.053044e-04
0.167000,1.768552e-03,9.019177e-04,0.000000e+00,1.249985e-03,7.927008e-04
0.168000,1.867468e-05,9.647438e-04,0.000000e+00,1.477408e-05,6.637513e-04
0.169000,6.825872e-04,9.683881e-04,0.000000e+00,3.262410e-04,9.432841e-04
0.170000,1.865912e-03,8.850310e-04,0.000000e+00,1.180298e-03,1.736756e-03
0.171000,6.405708e-04,8.917163e-04,0.000000e+00,1.266115e-03,1.009342e-03
0.172000,2.284010e-03,8.925406e-04,0.000000e+00,1.511073e-03,1.793796e-03
0.173000,7.593139e-04,9.814399e-04,0.000000e+00,1.450207e-03,9.411045e-04
0.174000,1.847374e-03,9.766667e-04,0.000000e+00,1.149410e-03,1.583469e-03
0.175000,2.106510e-03,9.148106e-04,0.000000e+00,3.178639e-03,6.952214e-04
0.176000,4.420233e-03,9.515492e-04,0.000000e+00,5.594743e-03,1.522175e-04
0.177000,5.933143e-04,9.113551e-04,0.000000e+00,8.857243e-04,1.173051e-04
0.178000,7.594075e-05,8.556343e-04,0.000000e+00,1.985651e-05,1.202755e-04
0.179000,8.819796e-03,8.083984e-04,0.000000e+00,9.677010e-03,7.136553e-04
0.180000,3.625332e-04,9.585740e-04,0.000000e+00,3.397758e-04,6.112163e-04
0.181000,9.779182e-05,9.427656e-04,0.000000e+00,1.259065e-04,7.374366e-04
0.182000,2.168810e-05,8.744522e-04,0.000000e+00,3.082951e-05,7.530048e-04
0.183000,1.314104e-04,8.956225e-04,0.000000e+00,1.163036e-04,6.384321e-04
0.184000,2.918552e-04,1.042329e-03,0.000000e+00,2.554436e-04,5.717737e-04
0.185000,5.546994e-05,1.053299e-03,0.000000e+00,3.270977e-05,5.153551e-04
0.186000,2.442577e-04,1.119624e-03,0.000000e+00,1.868775e-04,4.383910e-04
0.187000,3.221785e-04,1.155110e-03,0.000000e+00,4.181441e-04,6.717174e-04
0.188000,4.269279e-04,1.165084e-03,1.562500e+01,5.007378e-04,9.288596e-04
0.189000,2.534536e-04,1.089217e-03,0.000000e+00,3.042495e-04,1.102706e-03
0.190000,2.980107e-03,1.093270e-03,0.000000e+00,2.888448e-03,4.712069e-04
0.191000,8.543596e-04,1.277949e-03,0.000000e+00,6.919471e-04,3.444874e-04
0.192000,2.136683e-03,1.364957e-03,0.000000e+00,2.517583e-03,9.238310e-04
0.193000,5.435121e-03,1.445812e-03,0.000000e+00,5.738234e-03,2.325946e-03
0.194000,3.572019e-03,1.610644e-03,1.562500e+01,3.466255e-03,4.152238e-03
0.195000,1.490164e-03,1.611669e-03,0.000000e+00,1.309857e-03,5.314466e-03
0.196000,1.827578e-03,1.468666e-03,0.000000e+00,1.514624e-03,6.402073e-03
0.197000,2.644957e-04,1.508499e-03,0.000000e+00,1.187827e-04,6.940400e-03
0.198000,1.697842e-03,1.531708e-03,0.000000e+00,1.251471e-03,8.415694e-03
0.199000,1.084022e-04,1.648809e-03,0.000000e+00,1.010361e-05,8.813760e-03
0.200000,3.116565e-03,1.805771e-03,0.000000e+00,3.998950e-03,6.673831e-03
0.201000,1.858645e-06,1.810023e-03,0.000000e+00,1.359549e-05,6.544725e-03
0.202000,2.768610e-03,1.833962e-03,0.000000e+00,3.314343e-03,4.701965e-03
0.203000,5.102586e-03,1.860665e-03,0.000000e+00,5.510371e-03,2.769528e-03
0.204000,4.707742e-04,1.533555e-03,0.000000e+00,4.707017e-04,2.849249e-03
0.205000,6.512481e-03,1.574085e-03,0.000000e+00,6.648833e-03,1.314452e-03
0.206000,6.712484e-04,1.515119e-03,0.000000e+00,7.923226e-04,1.724130e-03
0.207000,2.766069e-03,1.493080e-03,0.000000e+00,2.890603e-03,2.780713e-03
0.208000,2.088154e-03,1.557776e-03,0.000000e+00,2.168775e-03,1.910433e-03
0.209000,8.402744e-04,1.943424e-03,0.000000e+00,7.905049e-04,1.800112e-03
0.210000,6.740087e-03,2.010117e-03,0.000000e+00,6.427432e-03,7.053864e-04
0.211000,1.193058e-03,2.123896e-03,0.000000e+00,1.559767e-03,1.286560e-03
0.212000,2.714324e-04,2.177045e-03,0.000000e+00,1.689469e-04,1.132834e-03
0.213000,4.411757e-04,2.559047e-03,0.000000e+00,2.900468e-04,1.169902e-03
0.214000,6.267143e-03,2.608906e-03,0.000000e+00,5.556467e-03,4.075998e-04
0.215000,2.519728e-04,2.552159e-03,0.000000e+00,7.113197e-05,3.329640e-04
0.216000,3.967032e-04,2.683782e-03,0.000000e+00,1.472187e-04,2.775377e-04
0.217000,1.947107e-03,3.020350e-03,0.000000e+00,1.285755e-03,1.612933e-04
0.218000,9.194472e-05,3.110013e-03,0.000000e+00,3.122669e-09,1.807087e-04
0.219000,1.091225e-02,2.953511e-03,0.000000e+00,1.302863e-02,1.149353e-03
0.220000,1.889797e-02,3.186645e-03,0.000000e+00,1.742947e-02,1.396280e-04
0.221000,3.958685e-03,3.175523e-03,0.000000e+00,2.758119e-03,5.665287e-05
0.222000,2.460784e-04,3.314380e-03,1.562500e+01,7.890688e-04,9.209866e-05
0.223000,8.681337e-03,3.142001e-03,1.562500e+01,6.523261e-03,1.778047e-04
0.224000,6.018984e-03,3.176927e-03,0.000000e+00,3.911244e-03,5.693352e-04
0.225000,4.367082e-03,3.244693e-03,0.000000e+00,6.974984e-03,1.394041e-04
0.226000,2.989529e-03,3.294693e-03,0.000000e+00,4.771526e-03,1.331194e-04
0.227000,8.473714e-05,3.256126e-03,0.000000e+00,4.450341e-04,2.070861e-04
0.228000,2.929812e-03,3.349391e-03,0.000000e+00,1.846897e-03,6.811669e-05
0.229000,6.806841e-05,3.445670e-03,0.000000e+00,2.058264e-05,9.041232e-05
0.230000,6.339216e-05,3.454323e-03,0.000000e+00,2.214684e-05,1.000861e-04
0.231000,1.642591e-03,3.666351e-03,0.000000e+00,7.832769e-04,5.800003e-05
0.232000,5.604710e-04,3.463922e-03,1.562500e+01,1.391183e-03,1.543257e-04
0.233000,5.019803e-04,3.668247e-03,0.000000e+00,1.172932e-03,4.022793e-04
0.234000,3.748498e-04,3.746299e-03,0.000000e+00,8.991357e-04,6.237549e-04
0.235000,5.037024e-05,3.880630e-03,0.000000e+00,6.055932e-06,7.376022e-04
0.236000,3.068192e-04,4.174095e-03,0.000000e+00,7.299738e-04,1.176945e-03
0.237000,3.834318e-05,4.356964e-03,0.000000e+00,2.170567e-04,1.444591e-03
0.238000,3.510702e-04,4.548018e-03,0.000000e+00,7.163397e-04,1.941828e-03
0.239000,6.024364e-03,4.816476e-03,0.000000e+00,7.171869e-03,3.656617e-03
0.240000,7.689230e-04,5.009453e-03,0.000000e+00,5.640022e-04,3.355181e-03
0.241000,7.962677e-03,5.125774e-03,0.000000e+00,7.119031e-03,2.025882e-03
0.242000,9.938566e-03,5.134897e-03,0.000000e+00,1.159017e-02,3.947722e-03
0.243000,2.207061e-02,5.096176e-03,0.000000e+00,2.328901e-02,7.779740e-03
0.244000,2.545867e-04,5.309467e-03,0.000000e+00,2.079417e-04,8.489325e-03
0.245000,1.536034e-03,5.599140e-03,0.000000e+00,1.703582e-03,7.590918e-03
0.246000,2.282383e-03,6.386823e-03,0.000000e+00,2.339547e-03,7.092335e-03
0.247000,5.370592e-03,6.552821e-03,0.000000e+00,5.202194e-03,5.417321e-03
0.248000,2.298969e-04,6.973393e-03,0.000000e+00,1.294482e-04,5.556750e-03
0.249000,6.624992e-05,6.937155e-03,0.000000e+00,1.547402e-05,5.427216e-03
0.250000,3.356367e-05,6.917680e-03,0.000000e+00,1.030277e-04,5.642604e-03
0.251000,1.039897e-03,7.554030e-03,0.000000e+00,1.313554e-03,7.138663e-03
0.252000,5.922332e-03,8.115260e-03,0.000000e+00,6.342506e-03,1.005247e-02
0.253000,1.079718e-03,8.035131e-03,0.000000e+00,1.093732e-03,8.937259e-03
0.254000,2.285069e-03,7.715093e-03,1.562500e+01,2.192607e-03,7.439007e-03
0.255000,3.974929e-03,7.614412e-03,0.000000e+00,4.356615e-03,9.242084e-03
0.256000,8.143621e-03,7.323189e-03,0.000000e+00,8.245482e-03,1.186150e-02
0.257000,8.462417e-04,7.191897e-03,0.000000e+00,6.942962e-04,1.259323e-02
0.258000,7.440202e-04,6.685762e-03,0.000000e+00,9.608256e-04,1.083058e-02
0.259000,2.575447e-04,6.564857e-03,0.000000e+00,1.801325e-04,1.109028e-02
0.260000,3.536259e-03,6.446023e-03,0.000000e+00,3.173046e-03,1.282184e-02
0.261000,6.801881e-03,6.367908e-03,0.000000e+00,5.971179e-03,1.553729e-02
0.262000,3.944212e-03,6.244005e-03,0.000000e+00,3.000296e-03,1.749500e-02
0.263000,1.201183e-03,6.018398e-03,0.000000e+00,6.053836e-04,1.800744e-02
0.264000,9.396951e-04,6.324093e-03,0.000000e+00,3.864028e-04,1.936017e-02
0.265000,2.195890e-03,6.526749e-03,0.000000e+00,1.231621e-03,2.134222e-02
0.266000,2.975785e-04,6.401812e-03,0.000000e+00,9.207547e-04,1.980007e-02
0.267000,5.670989e-03,6.420720e-03,0.000000e+00,3.999005e-03,2.253095e-02
0.268000,4.926920e-05,6.412147e-03,0.000000e+00,4.591344e-04,2.149852e-02
0.269000,2.679403e-03,6.207975e-03,0.000000e+00,1.448012e-03,2.280917e-02
0.270000,1.779711e-05,6.050216e-03,1.562500e+01,1.194525e-04,2.183127e-02
0.271000,2.306401e-03,6.257357e-03,0.000000e+00,1.101650e-03,2.365936e-02
0.272000,1.078956e-08,6.184258e-03,0.000000e+00,2.625528e-04,2.286241e-02
0.273000,4.345754e-05,6.307956e-03,0.000000e+00,8.108170e-05,2.273084e-02
0.274000,3.543527e-03,6.020392e-03,0.000000e+00,1.951647e-03,2.433155e-02
0.275000,4.694483e-04,6.188763e-03,1.562500e+01,1.495791e-03,2.324922e-02
0.276000,7.992842e-06,6.068210e-03,0.000000e+00,3.471455e-04,2.211614e-02
0.277000,2.923516e-04,6.358840e-03,0.000000e+00,1.044037e-03,2.120947e-02
0.278000,2.327057e-04,6.401344e-03,0.000000e+00,8.634605e-04,2.003237e-02
0.279000,6.939616e-04,6.136649e-03,0.000000e+00,1.741283e-04,2.028175e-02
0.280000,4.364747e-05,5.940546e-03,0.000000e+00,5.007600e-05,1.975150e-02
0.281000,8.587333e-04,5.718910e-03,0.000000e+00,1.831870e-03,1.765357e-02
0.282000,2.192132e-03,5.574692e-03,0.000000e+00,1.210149e-03,1.869781e-02
0.283000,2.829027e-04,5.471577e-03,0.000000e+00,9.091927e-04,1.725453e-02
0.284000,8.292643e-05,6.093595e-03,3.125000e+01,4.591551e-04,1.692729e-02
0.285000,4.550796e-03,5.791468e-03,3.125000e+01,3.016749e-03,1.903338e-02
0.286000,2.544408e-04,6.217155e-03,7.812500e+01,8.815252e-04,1.771163e-02
0.287000,3.892354e-03,6.336052e-03,0.000000e+00,2.348919e-03,1.981818e-02
0.288000,1.347531e-04,6.081370e-03,0.000000e+00,1.679499e-05,1.928169e-02
0.289000,1.067210e-04,5.724513e-03,0.000000e+00,6.737543e-04,1.765478e-02
0.290000,6.373704e-04,6.128761e-03,1.562500e+01,1.601166e-03,1.680116e-02
0.291000,1.728752e-03,6.240617e-03,0.000000e+00,8.502281e-04,1.816272e-02
0.292000,7.226009e-04,6.193025e-03,0.000000e+00,1.787404e-04,1.852425e-02
0.293000,7.178358e-04,6.473721e-03,0.000000e+00,1.624425e-04,1.958924e-02
0.294000,2.477505e-03,6.617114e-03,0.000000e+00,4.139180e-03,1.737511e-02
0.295000,8.123442e-03,6.728313e-03,0.000000e+00,6.050515e-03,2.056730e-02
0.296000,3.891268e-04,6.988309e-03,0.000000e+00,1.216870e-03,1.970024e-02
0.297000,5.334719e-04,6.900893e-03,0.000000e+00,1.375287e-03,1.821865e-02
0.298000,1.014534e-03,6.922258e-03,0.000000e+00,3.653990e-04,1.901052e-02
0.299000,1.796037e-04,6.797256e-03,0.000000e+00,7.220444e-04,1.779349e-02
0.300000,4.376147e-04,6.960461e-03,0.000000e+00,6.957856e-05,1.845802e-02
0.301000,6.235728e-04,6.869051e-03,0.000000e+00,1.436384e-03,1.703836e-02
0.302000,2.092290e-04,6.570634e-03,0.000000e+00,7.947757e-06,1.669268e-02
0.303000,3.863214e-03,6.831950e-03,0.000000e+00,2.535931e-03,1.882966e-02
0.304000,6.569346e-06,7.651948e-03,0.000000e+00,1.223981e-04,1.972025e-02
0.305000,1.621595e-04,7.476776e-03,0.000000e+00,6.774965e-04,1.842140e-02
0.306000,3.685035e-04,7.826473e-03,0.000000e+00,4.573561e-05,1.923073e-02
0.307000,3.834179e-03,8.067736e-03,0.000000e+00,2.420147e-03,2.154726e-02
0.308000,3.011898e-07,8.169086e-03,0.000000e+00,1.950222e-04,2.118853e-02
0.309000,8.230364e-04,7.943666e-03,0.000000e+00,1.829400e-03,1.911852e-02
0.310000,2.463145e-03,8.025981e-03,0.000000e+00,1.368548e-03,2.047423e-02
0.311000,2.675744e-03,8.266059e-03,0.000000e+00,1.424001e-03,2.231474e-02
0.312000,3.049442e-03,8.461190e-03,0.000000e+00,1.587576e-03,2.424949e-02
0.313000,1.271487e-03,8.839779e-03,0.000000e+00,3.540626e-04,2.574481e-02
0.314000,1.707110e-04,9.019750e-03,0.000000e+00,9.385912e-04,2.495031e-02
0.315000,1.317132e-03,9.339104e-03,0.000000e+00,3.891636e-04,2.637488e-02
0.316000,8.905872e-04,9.631935e-03,0.000000e+00,1.567068e-04,2.737438e-02
0.317000,7.637475e-05,9.854577e-03,1.562500e+01,8.269510e-05,2.760608e-02
0.318000,2.434795e-03,9.706915e-03,0.000000e+00,1.010625e-03,2.855163e-02
0.319000,4.281258e-03,9.948744e-03,0.000000e+00,2.180290e-03,3.100541e-02
0.320000,1.978765e-04,9.980876e-03,0.000000e+00,1.191280e-03,2.952324e-02
0.321000,7.978153e-04,9.887008e-03,0.000000e+00,2.262288e-03,2.751520e-02
0.322000,2.212328e-03,9.673381e-03,0.000000e+00,8.589841e-04,2.838092e-02
0.323000,4.268376e-03,8.999290e-03,0.000000e+00,2.163227e-03,2.909349e-02
0.324000,1.493605e-02,9.228961e-03,0.000000e+00,1.034092e-02,3.403784e-02
0.325000,8.446857e-03,9.229974e-03,0.000000e+00,4.589809e-03,3.726070e-02
0.326000,3.755891e-04,9.277434e-03,0.000000e+00,5.239267e-05,3.684887e-02
0.327000,1.865526e-04,9.523108e-03,0.000000e+00,1.609822e-03,3.563662e-02
0.328000,1.467912e-04,9.621663e-03,0.000000e+00,1.701556e-04,3.523771e-02
0.329000,5.432777e-04,9.686347e-03,1.562500e+01,2.218028e-06,3.477518e-02
0.330000,4.757003e-03,9.737827e-03,0.000000e+00,1.988407e-03,3.692118e-02
0.331000,2.413415e-03,9.754762e-03,0.000000e+00,5.648145e-03,3.366298e-02
0.332000,2.676107e-03,9.717568e-03,0.000000e+00,7.968389e-04,3.484857e-02
0.333000,7.853197e-03,9.535499e-03,0.000000e+00,4.101476e-03,3.729583e-02
0.334000,8.174563e-04,9.480222e-03,0.000000e+00,2.861079e-06,3.709775e-02
0.335000,4.244707e-05,9.329140e-03,0.000000e+00,4.219976e-04,3.609144e-02
0.336000,2.691439e-03,9.369192e-03,1.562500e+01,6.470775e-04,3.763294e-02
0.337000,7.091110e-04,8.961545e-03,0.000000e+00,2.984777e-06,3.687587e-02
0.338000,1.930086e-03,9.001263e-03,0.000000e+00,2.414053e-04,3.770050e-02
0.339000,1.647525e-03,8.393183e-03,0.000000e+00,4.847580e-03,3.352515e-02
0.340000,1.465756e-03,8.044235e-03,0.000000e+00,1.339060e-04,3.340209e-02
0.341000,3.846018e-04,7.749008e-03,0.000000e+00,5.771490e-05,3.238109e-02
0.342000,7.413581e-05,7.881805e-03,0.000000e+00,3.395848e-04,3.199061e-02
0.343000,2.580184e-03,8.468404e-03,0.000000e+00,5.907257e-04,3.420107e-02
0.344000,2.467072e-03,8.157451e-03,1.562500e+01,5.943703e-03,3.003694e-02
0.345000,7.317773e-03,8.776384e-03,0.000000e+00,3.780339e-03,3.374010e-02
0.346000,3.137736e-03,8.657961e-03,0.000000e+00,8.842313e-04,3.495256e-02
0.347000,5.104091e-03,8.552029e-03,0.000000e+00,9.770698e-03,3.054096e-02
0.348000,3.243391e-04,8.630207e-03,0.000000e+00,3.674353e-05,3.046114e-02
0.349000,1.148015e-02,8.437184e-03,0.000000e+00,6.922186e-03,3.341933e-02
0.350000,6.975809e-03,8.552848e-03,0.000000e+00,3.204372e-03,3.600393e-02
0.351000,1.097417e-04,8.370277e-03,1.562500e+01,3.420067e-04,3.508210e-02
0.352000,1.697990e-04,8.286820e-03,0.000000e+00,2.635101e-04,3.445138e-02
0.353000,4.366719e-03,8.328428e-03,0.000000e+00,9.002122e-03,3.068476e-02
0.354000,1.141135e-04,7.899800e-03,0.000000e+00,1.317051e-03,2.847177e-02
0.355000,9.628315e-03,8.075160e-03,0.000000e+00,5.429689e-03,3.173317e-02
0.356000,3.726330e-07,7.853617e-03,0.000000e+00,6.999800e-04,3.036254e-02
0.357000,4.127323e-05,7.346766e-03,1.562500e+01,1.067048e-03,2.824372e-02
0.358000,4.582527e-03,7.067809e-03,1.562500e+01,1.864091e-03,2.927622e-02
0.359000,2.137874e-03,6.890252e-03,0.000000e+00,5.353594e-03,2.628808e-02
0.360000,1.531858e-03,7.335472e-03,0.000000e+00,2.145973e-04,2.773240e-02
0.361000,4.285453e-03,7.197172e-03,0.000000e+00,1.631235e-03,2.896727e-02
0.362000,9.783460e-04,7.028329e-03,0.000000e+00,2.235863e-05,2.877796e-02
0.363000,4.659775e-03,7.061964e-03,0.000000e+00,9.036530e-03,2.545948e-02
0.364000,1.904529e-03,7.112031e-03,0.000000e+00,4.015187e-04,2.631866e-02
0.365000,5.693549e-06,7.352204e-03,0.000000e+00,4.832728e-04,2.588540e-02
0.366000,5.127958e-04,7.127441e-03,1.562500e+01,1.089582e-06,2.560221e-02
0.367000,2.145569e-04,7.491499e-03,1.562500e+01,9.957605e-05,2.571041e-02
0.368000,8.899611e-03,7.617998e-03,0.000000e+00,5.011488e-03,2.842741e-02
0.369000,9.589222e-05,7.797625e-03,0.000000e+00,2.646033e-04,2.819904e-02
0.370000,4.661053e-05,8.283035e-03,1.562500e+01,1.050225e-03,2.777418e-02
0.371000,9.372390e-04,7.699989e-03,0.000000e+00,3.133722e-03,2.468406e-02
0.372000,1.763058e-04,7.658430e-03,0.000000e+00,1.047638e-04,2.421332e-02
0.373000,7.601087e-05,7.424070e-03,0.000000e+00,2.106083e-04,2.324199e-02
0.374000,1.406857e-05,7.732200e-03,0.000000e+00,7.049450e-04,2.299126e-02
0.375000,1.519022e-03,7.592078e-03,0.000000e+00,2.897098e-04,2.328392e-02
0.376000,2.163388e-03,8.269851e-03,0.000000e+00,5.716305e-04,2.517693e-02
0.377000,2.698682e-04,7.950417e-03,0.000000e+00,4.989733e-05,2.447641e-02
0.378000,2.142760e-04,8.103188e-03,0.000000e+00,7.532584e-05,2.441710e-02
0.379000,3.639073e-04,7.800031e-03,0.000000e+00,1.777733e-03,2.268133e-02
0.380000,5.948205e-03,7.544628e-03,0.000000e+00,3.071281e-03,2.418706e-02
0.381000,2.085879e-03,7.074088e-03,1.562500e+01,4.808406e-03,2.151186e-02
0.382000,1.844858e-05,7.580913e-03,3.125000e+01,2.856708e-04,2.138629e-02
0.383000,9.073169e-06,7.548922e-03,0.000000e+00,3.147241e-04,2.079603e-02
0.384000,1.732085e-03,7.601060e-03,0.000000e+00,3.821954e-03,1.905664e-02
0.385000,7.397680e-04,7.708628e-03,0.000000e+00,2.055677e-03,1.795360e-02
0.386000,9.542823e-05,7.905252e-03,0.000000e+00,6.973077e-04,1.755542e-02
0.387000,5.133961e-04,7.911241e-03,0.000000e+00,1.477485e-03,1.652145e-02
0.388000,4.532320e-04,7.665823e-03,0.000000e+00,4.599824e-05,1.633873e-02
0.389000,3.887949e-04,7.870976e-03,0.000000e+00,2.437900e-05,1.681804e-02
0.390000,7.808844e-07,7.661433e-03,0.000000e+00,1.990198e-04,1.613589e-02
0.391000,7.097354e-03,7.375524e-03,0.000000e+00,9.760615e-03,1.330661e-02
0.392000,7.818344e-03,7.333304e-03,0.000000e+00,9.926011e-03,1.099593e-02
0.393000,2.017460e-03,7.036593e-03,0.000000e+00,2.782010e-03,9.562481e-03
0.394000,3.409744e-03,7.177156e-03,0.000000e+00,4.152255e-03,8.488134e-03
0.395000,4.146290e-04,7.138448e-03,0.000000e+00,2.724421e-04,8.768860e-03
0.396000,1.587921e-03,7.040451e-03,0.000000e+00,1.960721e-03,7.849321e-03
0.397000,2.908566e-03,7.017790e-03,0.000000e+00,2.601242e-03,8.769009e-03
0.398000,3.344432e-05,7.246522e-03,0.000000e+00,1.217156e-06,9.041779e-03
0.399000,3.896949e-03,7.385763e-03,0.000000e+00,4.509852e-03,7.947248e-03
0.400000,1.653907e-03,7.405949e-03,0.000000e+00,1.858969e-03,7.214657e-03
0.401000,2.702650e-04,7.881384e-03,3.125000e+01,3.034673e-04,7.463862e-03
0.402000,1.109813e-03,7.327459e-03,1.562500e+01,1.021493e-03,6.370860e-03
0.403000,6.254990e-04,6.949515e-03,0.000000e+00,5.501082e-04,5.661518e-03
0.404000,4.468391e-03,7.056749e-03,0.000000e+00,4.789219e-03,6.851870e-03
0.405000,2.009887e-03,7.180317e-03,0.000000e+00,2.009914e-03,7.741223e-03
0.406000,1.684282e-04,7.339206e-03,0.000000e+00,2.105362e-04,7.652954e-03
0.407000,9.574805e-05,7.325628e-03,1.562500e+01,1.172583e-04,7.281642e-03
0.408000,6.150341e-03,7.029195e-03,0.000000e+00,6.206653e-03,5.746997e-03
0.409000,4.573714e-07,6.840303e-03,0.000000e+00,8.999061e-06,5.620953e-03
0.410000,5.832043e-04,6.658254e-03,0.000000e+00,6.955701e-04,5.846333e-03
0.411000,6.818144e-03,7.033658e-03,0.000000e+00,6.600655e-03,5.007635e-03
0.412000,1.139311e-03,7.168413e-03,0.000000e+00,8.795756e-04,4.719095e-03
0.413000,1.194878e-02,6.920239e-03,0.000000e+00,1.085693e-02,3.257255e-03
0.414000,1.103121e-03,6.621723e-03,0.000000e+00,1.754460e-03,3.517328e-03
0.415000,4.346283e-03,6.660178e-03,0.000000e+00,5.357197e-03,4.441689e-03
0.416000,5.384496e-07,6.544776e-03,0.000000e+00,3.052052e-05,4.415622e-03
0.417000,1.837036e-04,6.437692e-03,0.000000e+00,7.995428e-05,4.215301e-03
0.418000,7.180928e-03,6.654977e-03,0.000000e+00,6.370477e-03,3.434688e-03
0.419000,1.973026e-04,6.633165e-03,0.000000e+00,4.091303e-05,3.348105e-03
0.420000,3.160471e-04,6.674260e-03,0.000000e+00,6.585500e-04,3.677207e-03
0.421000,7.985938e-03,6.136103e-03,1.562500e+01,6.779023e-03,2.406523e-03
0.422000,2.174751e-03,6.281199e-03,0.000000e+00,3.100831e-03,3.049773e-03
0.423000,3.497649e-03,5.939400e-03,0.000000e+00,4.398645e-03,3.517827e-03
0.424000,9.462286e-03,5.784221e-03,0.000000e+00,8.524560e-03,2.456476e-03
0.425000,1.397080e-03,6.112710e-03,0.000000e+00,8.574567e-04,2.397044e-03
0.426000,8.147652e-04,6.109019e-03,1.562500e+01,1.417868e-03,2.799820e-03
0.427000,5.335192e-03,6.592493e-03,1.562500e+01,4.149941e-03,2.434713e-03
0.428000,1.671403e-03,6.756230e-03,0.000000e+00,2.609279e-03,3.029838e-03
0.429000,7.231847e-03,6.521914e-03,1.562500e+01,5.860004e-03,2.228604e-03
0.430000,1.093981e-02,6.395369e-03,0.000000e+00,1.319175e-02,3.271281e-03
0.431000,1.260785e-02,6.585154e-03,0.000000e+00,1.408433e-02,4.808801e-03
0.432000,1.323796e-03,6.546006e-03,0.000000e+00,1.155952e-03,4.349795e-03
0.433000,5.046882e-03,6.075197e-03,0.000000e+00,4.555627e-03,3.216857e-03
0.434000,4.910861e-03,5.760952e-03,0.000000e+00,4.125685e-03,2.374858e-03
0.435000,3.910782e-03,6.310305e-03,0.000000e+00,2.969751e-03,2.226402e-03
0.436000,1.006792e-03,6.216567e-03,0.000000e+00,4.760813e-04,1.986991e-03
0.437000,2.525360e-04,5.995985e-03,0.000000e+00,7.059009e-04,2.079436e-03
0.438000,2.852945e-04,6.225611e-03,1.562500e+01,7.127206e-04,2.385929e-03
0.439000,2.511270e-03,6.396544e-03,0.000000e+00,1.738001e-03,2.125394e-03
0.440000,2.105404e-03,5.878306e-03,0.000000e+00,1.297750e-03,1.563460e-03
0.441000,4.612789e-03,5.882052e-03,0.000000e+00,3.227210e-03,1.174918e-03
0.442000,8.066617e-03,5.920310e-03,0.000000e+00,1.058399e-02,1.930005e-03
0.443000,6.775062e-03,5.706126e-03,0.000000e+00,5.284255e-03,1.288873e-03
0.444000,1.686404e-04,5.890062e-03,0.000000e+00,7.745728e-07,1.373542e-03
0.445000,8.029177e-03,5.961735e-03,0.000000e+00,5.996320e-03,9.256114e-04
0.446000,6.242554e-05,5.970775e-03,0.000000e+00,5.164133e-04,1.065760e-03
0.447000,4.287088e-03,6.173550e-03,0.000000e+00,2.639934e-03,8.617200e-04
0.448000,1.033978e-04,6.314531e-03,0.000000e+00,6.781037e-04,1.082028e-03
0.449000,1.803737e-03,6.672999e-03,0.000000e+00,7.527379e-04,1.060681e-03
0.450000,2.894498e-04,6.047465e-03,0.000000e+00,1.021150e-06,8.119899e-04
0.451000,1.189845e-02,6.587635e-03,0.000000e+00,8.649019e-03,5.556255e-04
0.452000,3.672068e-04,6.668502e-03,1.562500e+01,1.071432e-08,5.460024e-04
0.453000,1.259148e-02,7.070472e-03,0.000000e+00,8.462191e-03,3.082619e-04
0.454000,1.024878e-03,7.261773e-03,0.000000e+00,3.068397e-03,5.486675e-04
0.455000,4.751752e-03,7.013205e-03,0.000000e+00,2.243630e-03,3.424802e-04
0.456000,2.759012e-03,6.938949e-03,0.000000e+00,8.589351e-04,2.429548e-04
0.457000,1.409490e-03,7.294218e-03,0.000000e+00,3.820284e-03,5.503245e-04
0.458000,2.664593e-03,7.911787e-03,0.000000e+00,8.632826e-04,6.028820e-04
0.459000,6.245850e-03,8.298020e-03,0.000000e+00,3.107686e-03,4.812459e-04
0.460000,1.162813e-03,8.473427e-03,0.000000e+00,7.881791e-05,4.947843e-04
0.461000,5.813237e-04,8.285928e-03,0.000000e+00,2.167642e-06,4.464913e-04
0.462000,3.395161e-02,7.927220e-03,1.562500e+01,2.517437e-02,5.926370e-05
0.463000,5.387462e-03,8.294977e-03,3.125000e+01,1.824491e-03,4.863592e-05
0.464000,3.691478e-03,8.316969e-03,1.562500e+01,7.300291e-04,3.308883e-05
0.465000,1.707281e-03,8.563471e-03,0.000000e+00,5.322889e-05,7.946925e-06
0.466000,8.836686e-03,8.498800e-03,0.000000e+00,3.558633e-03,4.119228e-05
0.467000,3.273222e-04,8.290750e-03,0.000000e+00,3.366724e-04,3.840547e-05
0.468000,8.277331e-04,8.062240e-03,1.562500e+01,5.094161e-05,3.732866e-05
0.469000,2.271821e-04,8.470656e-03,1.562500e+01,3.890054e-04,2.245793e-05
0.470000,6.301787e-04,8.664124e-03,0.000000e+00,8.966644e-05,7.964112e-05
0.471000,2.911465e-03,9.014062e-03,0.000000e+00,3.850236e-04,1.005799e-04
0.472000,2.298148e-04,9.012858e-03,1.562500e+01,2.523860e-03,9.610780e-05
0.473000,4.477245e-03,9.172525e-03,0.000000e+00,1.069643e-03,6.740990e-05
0.474000,8.229923e-05,8.951899e-03,0.000000e+00,6.924497e-04,7.392077e-05
0.475000,1.985616e-03,8.931208e-03,0.000000e+00,9.957469e-05,7.331264e-05
0.476000,1.425966e-04,9.090271e-03,0.000000e+00,5.315297e-04,6.457111e-05
0.477000,1.042084e-03,9.230005e-03,0.000000e+00,4.075816e-06,1.191643e-04
0.478000,1.099904e-03,9.819598e-03,0.000000e+00,4.552870e-03,2.681574e-04
0.479000,4.367153e-04,9.771337e-03,1.562500e+01,1.258949e-04,2.592449e-04
0.480000,1.105533e-03,9.764669e-03,0.000000e+00,4.149530e-03,4.690858e-04
0.481000,4.698549e-03,9.209331e-03,0.000000e+00,1.558102e-03,3.223862e-04
0.482000,6.733369e-04,9.315490e-03,0.000000e+00,2.041959e-05,3.139534e-04
0.483000,3.479963e-03,9.687581e-03,0.000000e+00,8.182668e-04,3.269799e-04
0.484000,1.398469e-08,9.920649e-03,1.562500e+01,9.944876e-04,4.529001e-04
0.485000,2.440843e-03,1.042334e-02,1.562500e+01,3.238799e-04,5.181910e-04
0.486000,2.041661e-03,1.080568e-02,0.000000e+00,1.973471e-04,5.470434e-04
0.487000,2.997633e-03,1.081100e-02,0.000000e+00,5.322685e-04,5.029978e-04
0.488000,4.008626e-06,1.087166e-02,0.000000e+00,9.317542e-04,6.125238e-04
0.489000,1.054077e-02,1.070770e-02,0.000000e+00,5.054191e-03,3.419709e-04
0.490000,1.264298e-02,1.161341e-02,0.000000e+00,6.147592e-03,3.066846e-04
0.491000,2.223232e-02,1.178368e-02,0.000000e+00,1.262499e-02,2.302931e-04
0.492000,8.748961e-05,1.144422e-02,1.562500e+01,2.495289e-03,1.998423e-04
0.493000,1.037147e-02,1.125622e-02,1.562500e+01,3.863327e-03,2.137493e-04
0.494000,5.985637e-03,1.135876e-02,0.000000e+00,1.290943e-03,1.465914e-04
0.495000,2.927708e-03,1.042024e-02,0.000000e+00,1.293478e-04,2.061189e-04
0.496000,1.243454e-03,1.121606e-02,0.000000e+00,6.158235e-03,1.022307e-04
0.497000,3.958703e-05,1.173896e-02,0.000000e+00,1.182207e-03,1.137969e-04
0.498000,5.909123e-03,1.175876e-02,0.000000e+00,1.388243e-03,6.609538e-05
0.499000,5.557058e-04,1.167163e-02,1.562500e+01,3.018965e-04,5.873540e-05
