t,innovation,mse,firing_rate,r_norm,Ge_norm,kalman_innovation,kalman_mse
0.000000,2.976885e-03,1.414983e-03,2.656250e+02,4.123106e-03,1.336791e-01,2.976885e-03,3.022917e-03
0.001000,9.375512e-06,2.216662e-02,4.218750e+02,7.482393e-03,7.502051e-03,2.475984e-03,1.021829e-03
0.002000,1.648472e-03,9.924210e-03,5.156250e+02,1.053278e-02,9.947716e-02,1.198245e-03,9.503804e-04
0.003000,3.478170e-03,7.773519e-03,4.531250e+02,1.427693e-02,1.444967e-01,3.169436e-03,1.221255e-03
0.004000,1.270961e-06,7.670962e-03,0.000000e+00,1.427265e-02,2.762158e-03,2.736926e-03,1.561279e-03
0.005000,5.035804e-03,7.772012e-03,0.000000e+00,1.426837e-02,1.738669e-01,9.251451e-04,8.074620e-04
0.006000,4.544192e-03,7.247475e-03,0.000000e+00,1.426409e-02,1.651623e-01,4.701103e-04,1.605766e-03
0.007000,1.359738e-06,7.624198e-03,0.000000e+00,1.425981e-02,2.856999e-03,2.284252e-03,2.452793e-03
0.008000,6.261119e-04,7.249155e-03,0.000000e+00,1.425553e-02,6.130678e-02,3.092808e-04,5.622203e-03
0.009000,2.439894e-04,7.700328e-03,0.000000e+00,1.425126e-02,3.827084e-02,3.141431e-03,2.752339e-02
0.010000,1.417365e-03,8.340063e-03,0.000000e+00,1.424698e-02,9.224087e-02,1.285069e-05,2.424777e-02
0.011000,4.737657e-04,8.809764e-03,0.000000e+00,1.424271e-02,5.332911e-02,1.563321e-04,3.195031e-02
0.012000,5.016292e-04,8.890957e-03,0.000000e+00,1.423843e-02,5.487492e-02,3.052734e-03,8.993742e-02
0.013000,6.668288e-03,8.429881e-03,0.000000e+00,1.423416e-02,2.000736e-01,1.188579e-02,3.111180e-01
0.014000,3.328167e-03,8.264985e-03,0.000000e+00,1.422989e-02,1.413465e-01,1.661813e-03,2.093203e-01
0.015000,2.568537e-03,8.348621e-03,0.000000e+00,1.422562e-02,1.241725e-01,9.383290e-04,1.428650e-01
0.016000,1.565613e-06,8.620560e-03,0.000000e+00,1.422136e-02,3.065665e-03,4.431747e-04,1.878158e-01
0.017000,2.330612e-03,8.852224e-03,0.000000e+00,1.421709e-02,1.182817e-01,4.671396e-03,3.875277e-01
0.018000,6.411100e-04,8.745100e-03,0.000000e+00,1.421282e-02,6.203671e-02,1.522499e-03,5.404583e-01
0.019000,1.403104e-03,8.756997e-03,0.000000e+00,1.420856e-02,9.177565e-02,2.224175e-03,7.617115e-01
0.020000,4.316159e-03,8.404528e-03,0.000000e+00,1.420430e-02,1.609649e-01,3.694914e-03,4.819628e-01
0.021000,2.165048e-03,8.168768e-03,0.000000e+00,1.420004e-02,1.140030e-01,1.391425e-03,3.399628e-01
0.022000,5.467451e-03,8.063718e-03,0.000000e+00,1.419578e-02,1.811653e-01,3.872553e-03,1.559252e-01
0.023000,2.221915e-03,8.250999e-03,0.000000e+00,1.419152e-02,1.154905e-01,9.425393e-04,8.988947e-02
0.024000,9.785322e-06,8.100855e-03,0.000000e+00,1.418726e-02,7.664257e-03,4.745716e-04,1.349793e-01
0.025000,6.093352e-03,8.533803e-03,0.000000e+00,1.418300e-02,1.912540e-01,3.791097e-03,3.126992e-02
0.026000,1.658556e-03,8.628398e-03,0.000000e+00,1.417875e-02,9.978092e-02,3.745768e-04,1.376080e-02
0.027000,7.084579e-03,8.177847e-03,0.000000e+00,1.417449e-02,2.062241e-01,1.145045e-02,1.957823e-01
0.028000,6.390417e-03,8.527182e-03,0.000000e+00,1.417024e-02,1.958606e-01,4.403333e-03,5.892259e-02
0.029000,1.997537e-04,8.330468e-03,0.000000e+00,1.416599e-02,3.462820e-02,2.162546e-05,6.607769e-02
0.030000,1.446930e-03,8.633062e-03,0.000000e+00,1.416174e-02,9.319794e-02,3.961082e-04,3.894513e-02
0.031000,3.047215e-04,8.640404e-03,0.000000e+00,1.415749e-02,4.276949e-02,4.415130e-06,4.189708e-02
0.032000,5.493219e-04,8.891133e-03,0.000000e+00,1.415325e-02,5.742433e-02,1.815560e-03,1.047439e-01
0.033000,1.735280e-03,8.479294e-03,0.000000e+00,1.414900e-02,1.020627e-01,3.252051e-03,2.341185e-01
0.034000,6.333576e-03,8.300078e-03,0.000000e+00,1.414476e-02,1.949876e-01,8.071115e-03,5.301321e-01
0.035000,1.167449e-03,8.013154e-03,0.000000e+00,1.414051e-02,8.371467e-02,1.017444e-03,4.162276e-01
0.036000,5.314024e-03,7.670193e-03,0.000000e+00,1.413627e-02,1.786053e-01,5.940991e-03,7.175263e-01
0.037000,1.314198e-06,7.993415e-03,0.000000e+00,1.413203e-02,2.808749e-03,2.816864e-06,7.078995e-01
0.038000,1.026251e-02,8.296539e-03,0.000000e+00,1.412779e-02,2.482043e-01,1.099199e-02,3.355250e-01
0.039000,2.629787e-03,8.165832e-03,0.000000e+00,1.412355e-02,1.256443e-01,2.222208e-03,2.161750e-01
0.040000,2.409462e-04,8.399796e-03,0.000000e+00,1.411931e-02,3.803142e-02,5.236114e-04,2.677155e-01
0.041000,1.969494e-03,8.565774e-03,0.000000e+00,1.411508e-02,1.087326e-01,2.443673e-03,3.966045e-01
0.042000,5.640563e-05,8.625699e-03,0.000000e+00,1.411084e-02,1.840110e-02,6.577209e-05,4.197782e-01
0.043000,4.222185e-07,8.708357e-03,0.000000e+00,1.410661e-02,1.592030e-03,9.236597e-10,4.191027e-01
0.044000,1.354145e-03,8.620715e-03,0.000000e+00,1.410238e-02,9.016026e-02,1.454312e-03,3.202869e-01
0.045000,1.445201e-03,8.413849e-03,0.000000e+00,1.409815e-02,9.314223e-02,1.518956e-03,4.207534e-01
0.046000,7.327075e-03,8.638322e-03,0.000000e+00,1.409392e-02,2.097239e-01,7.780869e-03,2.192825e-01
0.047000,1.125481e-03,8.471842e-03,0.000000e+00,1.408969e-02,8.219618e-02,1.368117e-03,2.951380e-01
0.048000,3.867974e-03,8.483043e-03,0.000000e+00,1.408546e-02,1.523787e-01,3.846493e-03,1.790377e-01
0.049000,1.562593e-03,8.403263e-03,0.000000e+00,1.408124e-02,9.685131e-02,1.244601e-03,1.277102e-01
0.050000,1.277275e-03,8.351122e-03,0.000000e+00,1.407701e-02,8.756381e-02,8.592022e-04,9.321097e-02
0.051000,2.136020e-03,8.270797e-03,0.000000e+00,1.407279e-02,1.132362e-01,2.962023e-03,1.615744e-01
0.052000,4.814168e-02,8.226004e-03,0.000000e+00,1.406857e-02,5.375800e-01,4.642627e-02,8.061910e-04
0.053000,4.158688e-03,8.337724e-03,0.000000e+00,1.406435e-02,1.580013e-01,6.973900e-03,2.842555e-02
0.054000,3.568491e-03,8.396132e-03,0.000000e+00,1.406013e-02,1.463608e-01,2.180589e-03,8.373954e-03
0.055000,1.897544e-03,8.287774e-03,0.000000e+00,1.405591e-02,1.067280e-01,7.510403e-04,2.394775e-03
0.056000,4.055998e-03,8.175407e-03,0.000000e+00,1.405169e-02,1.560384e-01,2.090062e-03,5.568838e-04
0.057000,3.333732e-03,8.219858e-03,0.000000e+00,1.404748e-02,1.414646e-01,1.344103e-03,6.358764e-03
0.058000,1.075046e-03,7.618688e-03,0.000000e+00,1.404326e-02,8.033336e-02,8.433199e-05,8.183037e-03
0.059000,8.944776e-06,7.215986e-03,0.000000e+00,1.403905e-02,7.327693e-03,4.540563e-04,3.293032e-03
0.060000,1.071509e-02,7.248356e-03,0.000000e+00,1.403484e-02,2.536182e-01,6.490415e-03,2.976775e-02
0.061000,2.741688e-05,7.616163e-03,0.000000e+00,1.403063e-02,1.282896e-02,5.353922e-04,2.027328e-02
0.062000,2.524969e-04,7.731168e-03,0.000000e+00,1.402642e-02,3.893235e-02,1.840803e-03,7.239964e-03
0.063000,1.996549e-04,7.694597e-03,0.000000e+00,1.402221e-02,3.461964e-02,1.042919e-04,5.056458e-03
0.064000,1.828786e-03,7.691479e-03,0.000000e+00,1.401800e-02,1.047765e-01,4.425212e-03,2.247713e-04
0.065000,4.944040e-03,8.283123e-03,0.000000e+00,1.401380e-02,1.722755e-01,8.074772e-03,1.564414e-02
0.066000,8.498480e-05,8.374533e-03,0.000000e+00,1.400960e-02,2.258672e-02,2.097403e-05,1.720708e-02
0.067000,1.553788e-03,8.230504e-03,0.000000e+00,1.400539e-02,9.657804e-02,6.782328e-04,1.025092e-02
0.068000,4.220314e-03,8.023633e-03,0.000000e+00,1.400119e-02,1.591677e-01,6.372941e-03,3.825770e-02
0.069000,2.167624e-03,7.967246e-03,0.000000e+00,1.399699e-02,1.140708e-01,3.176303e-03,6.782333e-02
0.070000,1.719359e-03,8.012341e-03,0.000000e+00,1.399279e-02,1.015935e-01,1.248684e-03,4.845430e-02
0.071000,1.037039e-03,8.095357e-03,0.000000e+00,1.398859e-02,7.890056e-02,5.848258e-04,3.690235e-02
0.072000,6.675637e-03,8.309809e-03,0.000000e+00,1.398440e-02,2.001838e-01,5.248531e-03,1.297451e-02
0.073000,1.728658e-04,8.367954e-03,0.000000e+00,1.398020e-02,3.221344e-02,6.891435e-08,1.320811e-02
0.074000,2.285004e-04,8.335022e-03,0.000000e+00,1.397601e-02,3.703616e-02,8.058929e-04,2.057952e-02
0.075000,4.369419e-04,8.425209e-03,0.000000e+00,1.397181e-02,5.121467e-02,8.898115e-05,1.801302e-02
0.076000,2.091737e-04,8.380466e-03,0.000000e+00,1.396762e-02,3.543529e-02,6.935027e-04,2.555384e-02
0.077000,3.347244e-05,8.516944e-03,0.000000e+00,1.396343e-02,1.417510e-02,1.944642e-05,2.677962e-02
0.078000,1.981409e-03,8.669779e-03,0.000000e+00,1.395924e-02,1.090610e-01,1.206947e-03,1.710159e-02
0.079000,2.458985e-03,9.103745e-03,1.562500e+01,1.406053e-02,1.214956e-01,1.443693e-03,8.964159e-03
0.080000,2.657840e-04,9.048846e-03,0.000000e+00,1.405631e-02,3.994358e-02,1.514122e-04,7.137340e-03
0.081000,7.840122e-06,8.890390e-03,0.000000e+00,1.405209e-02,6.860313e-03,5.463839e-05,8.244822e-03
0.082000,1.210187e-03,8.955434e-03,0.000000e+00,1.404788e-02,8.523319e-02,1.511168e-03,1.524295e-02
0.083000,4.965669e-04,9.206567e-03,0.000000e+00,1.404366e-02,5.459733e-02,4.187095e-04,1.100459e-02
0.084000,3.209670e-03,8.842737e-03,0.000000e+00,1.403945e-02,1.388074e-01,2.897757e-03,3.744884e-03
0.085000,1.129599e-03,8.713635e-03,0.000000e+00,1.403524e-02,8.234641e-02,7.806272e-04,1.465318e-03
0.086000,2.607785e-03,8.505376e-03,0.000000e+00,1.403103e-02,1.251176e-01,3.386544e-03,7.431710e-03
0.087000,2.277385e-08,8.522426e-03,0.000000e+00,1.402682e-02,3.697436e-04,1.423452e-05,8.051261e-03
0.088000,3.730309e-03,8.294994e-03,0.000000e+00,1.402261e-02,1.496425e-01,3.300328e-03,2.164515e-03
0.089000,2.351187e-04,7.978454e-03,0.000000e+00,1.401840e-02,3.756870e-02,4.815273e-04,4.179155e-03
0.090000,3.086747e-04,7.908293e-03,0.000000e+00,1.401420e-02,4.304602e-02,1.483077e-04,3.241539e-03
0.091000,4.967587e-04,8.164286e-03,0.000000e+00,1.401000e-02,5.460787e-02,2.663529e-04,1.998948e-03
0.092000,1.025655e-02,7.816405e-03,0.000000e+00,1.400579e-02,2.481322e-01,8.931571e-03,6.958193e-04
0.093000,8.309544e-03,7.499345e-03,0.000000e+00,1.400159e-02,2.233424e-01,6.319398e-03,6.228238e-03
0.094000,8.838600e-05,8.126163e-03,0.000000e+00,1.399739e-02,2.303426e-02,4.114373e-05,6.098514e-03
0.095000,2.917438e-04,8.125480e-03,0.000000e+00,1.399319e-02,4.184883e-02,1.065595e-03,3.155423e-03
0.096000,1.236724e-04,8.100515e-03,0.000000e+00,1.398899e-02,2.724701e-02,8.060616e-06,2.913985e-03
0.097000,3.307090e-03,8.044722e-03,0.000000e+00,1.398480e-02,1.408982e-01,1.904512e-03,6.743088e-03
0.098000,2.123164e-02,7.850191e-03,0.000000e+00,1.398060e-02,3.570050e-01,1.679021e-02,2.732536e-02
0.099000,2.636585e-03,8.070806e-03,0.000000e+00,1.397641e-02,1.258066e-01,5.492069e-03,1.405654e-02
0.100000,4.423826e-04,7.948760e-03,0.000000e+00,1.397221e-02,5.153254e-02,1.618634e-03,8.688811e-03
0.101000,1.146936e-02,7.691473e-03,0.000000e+00,1.396802e-02,2.623929e-01,8.062510e-03,2.186877e-02
0.102000,1.454987e-03,7.219960e-03,0.000000e+00,1.396383e-02,9.345704e-02,2.651590e-04,2.405216e-02
0.103000,3.830966e-04,6.810892e-03,0.000000e+00,1.395964e-02,4.795530e-02,1.049790e-05,2.276814e-02
0.104000,4.741045e-05,6.819167e-03,0.000000e+00,1.395545e-02,1.687017e-02,8.818106e-04,1.790484e-02
0.105000,1.046269e-04,7.209519e-03,0.000000e+00,1.395127e-02,2.506134e-02,1.272477e-04,1.689029e-02
0.106000,1.863181e-03,7.122998e-03,0.000000e+00,1.394708e-02,1.057572e-01,4.870279e-04,2.036161e-02
0.107000,1.937338e-03,6.945360e-03,0.000000e+00,1.394290e-02,1.078413e-01,4.716766e-04,2.376126e-02
0.108000,1.220145e-04,6.390397e-03,0.000000e+00,1.393872e-02,2.706376e-02,1.548294e-04,2.059064e-02
0.109000,2.934843e-03,6.429249e-03,0.000000e+00,1.393453e-02,1.327318e-01,5.962969e-03,1.011483e-02
0.110000,2.405149e-03,6.323271e-03,0.000000e+00,1.393035e-02,1.201582e-01,4.697841e-03,3.906921e-03
0.111000,1.300318e-03,6.527814e-03,0.000000e+00,1.392617e-02,8.835014e-02,3.889395e-04,5.559277e-03
0.112000,2.592547e-03,6.312512e-03,0.000000e+00,1.392200e-02,1.247515e-01,1.127262e-03,8.322307e-03
0.113000,4.917824e-04,6.131451e-03,0.000000e+00,1.391782e-02,5.433366e-02,1.696067e-03,4.735305e-03
0.114000,2.501487e-03,5.618351e-03,0.000000e+00,1.391364e-02,1.225411e-01,1.078982e-03,6.931230e-03
0.115000,2.247879e-03,5.540101e-03,0.000000e+00,1.390947e-02,1.161633e-01,4.381445e-03,2.451386e-03
0.116000,3.911270e-04,5.650514e-03,0.000000e+00,1.390530e-02,4.845532e-02,1.593075e-05,2.693799e-03
0.117000,5.334307e-03,5.719433e-03,0.000000e+00,1.390113e-02,1.789458e-01,3.249766e-03,6.507336e-03
0.118000,8.426779e-07,6.094735e-03,0.000000e+00,1.389696e-02,2.249124e-03,3.859508e-04,5.353528e-03
0.119000,1.803230e-05,6.075658e-03,0.000000e+00,1.389279e-02,1.040419e-02,4.909550e-04,3.898341e-03
0.120000,2.481121e-03,5.884972e-03,0.000000e+00,1.388862e-02,1.220412e-01,4.460097e-03,8.508251e-04
0.121000,2.067188e-03,6.077841e-03,0.000000e+00,1.388445e-02,1.113968e-01,9.909052e-04,2.042636e-03
0.122000,1.220918e-04,6.096495e-03,0.000000e+00,1.388029e-02,2.707234e-02,7.026839e-04,1.124214e-03
0.123000,1.111698e-02,5.878479e-03,0.000000e+00,1.387612e-02,2.583306e-01,8.304669e-03,5.481227e-03
0.124000,2.619046e-03,6.577611e-03,1.562500e+01,1.404753e-02,1.253874e-01,4.850328e-03,2.028559e-03
0.125000,2.212561e-03,6.501333e-03,0.000000e+00,1.404332e-02,1.152471e-01,2.791007e-03,4.455038e-04
0.126000,3.388465e-03,6.173411e-03,0.000000e+00,1.403910e-02,1.426212e-01,3.804784e-03,8.366819e-05
0.127000,3.992655e-04,5.554397e-03,0.000000e+00,1.403489e-02,4.895684e-02,3.701882e-04,2.113204e-05
0.128000,1.224048e-05,5.662432e-03,0.000000e+00,1.403068e-02,8.571990e-03,2.600884e-05,3.368413e-05
0.129000,9.240403e-05,5.640406e-03,0.000000e+00,1.402647e-02,2.355201e-02,1.209463e-04,1.169715e-04
0.130000,3.253533e-03,5.553378e-03,0.000000e+00,1.402226e-02,1.397527e-01,3.357687e-03,1.260370e-03
0.131000,1.180234e-02,5.486759e-03,0.000000e+00,1.401806e-02,2.661746e-01,1.216336e-02,1.201631e-04
0.132000,4.490176e-04,5.666444e-03,0.000000e+00,1.401385e-02,5.191755e-02,5.940764e-04,1.944452e-05
0.133000,1.520097e-04,5.751618e-03,0.000000e+00,1.400965e-02,3.020773e-02,2.093346e-04,2.334266e-05
0.134000,3.064365e-03,5.677319e-03,0.000000e+00,1.400545e-02,1.356291e-01,3.235104e-03,7.353514e-04
0.135000,1.433790e-03,5.335786e-03,0.000000e+00,1.400124e-02,9.277377e-02,1.362789e-03,1.945537e-03
0.136000,4.616325e-05,5.094535e-03,0.000000e+00,1.399704e-02,1.664680e-02,8.764797e-05,1.728232e-03
0.137000,2.587712e-07,5.010271e-03,0.000000e+00,1.399284e-02,1.246351e-03,7.284399e-06,1.700952e-03
0.138000,6.098447e-03,4.959728e-03,0.000000e+00,1.398865e-02,1.913340e-01,6.430569e-03,1.290447e-04
0.139000,3.441403e-03,4.705737e-03,0.000000e+00,1.398445e-02,1.437309e-01,3.286791e-03,8.340678e-05
0.140000,2.891161e-04,5.008130e-03,0.000000e+00,1.398025e-02,4.165994e-02,4.328984e-04,4.015061e-05
0.141000,2.026891e-03,4.933597e-03,0.000000e+00,1.397606e-02,1.103056e-01,1.770802e-03,3.583295e-04
0.142000,6.304637e-04,4.645052e-03,0.000000e+00,1.397187e-02,6.151946e-02,8.920776e-04,1.031692e-04
0.143000,1.711030e-04,4.757925e-03,0.000000e+00,1.396768e-02,3.204877e-02,2.756658e-04,1.094627e-04
0.144000,5.749806e-03,4.321772e-03,0.000000e+00,1.396349e-02,1.857843e-01,6.188978e-03,1.141940e-03
0.145000,1.211321e-02,4.396457e-03,0.000000e+00,1.395930e-02,2.696573e-01,1.200962e-02,5.045076e-03
0.146000,2.091999e-03,4.559815e-03,0.000000e+00,1.395511e-02,1.120633e-01,2.585766e-03,2.689912e-03
0.147000,8.764574e-04,4.563762e-03,0.000000e+00,1.395092e-02,7.253505e-02,1.064116e-03,1.591918e-03
0.148000,1.072837e-05,4.459923e-03,0.000000e+00,1.394674e-02,8.025081e-03,2.449364e-05,1.449978e-03
0.149000,5.067938e-04,4.301158e-03,0.000000e+00,1.394255e-02,5.515668e-02,4.421636e-04,2.162191e-03
0.150000,1.462533e-02,4.363390e-03,0.000000e+00,1.393837e-02,2.963026e-01,1.520685e-02,1.650089e-05
0.151000,3.862682e-03,4.280504e-03,0.000000e+00,1.393419e-02,1.522744e-01,3.529302e-03,2.445320e-04
0.152000,2.762180e-03,4.392623e-03,0.000000e+00,1.393001e-02,1.287682e-01,2.239419e-03,1.046608e-03
0.153000,6.916426e-03,4.151369e-03,0.000000e+00,1.392583e-02,2.037621e-01,5.765035e-03,3.160778e-03
0.154000,5.120828e-05,4.432520e-03,0.000000e+00,1.392165e-02,1.753285e-02,1.076518e-05,3.242367e-03
0.155000,8.296255e-04,4.414338e-03,0.000000e+00,1.391748e-02,7.057056e-02,3.394449e-04,3.926830e-03
0.156000,1.246984e-03,4.276183e-03,0.000000e+00,1.391330e-02,8.651929e-02,2.164920e-03,2.174817e-03
0.157000,1.813752e-04,4.059704e-03,0.000000e+00,1.390913e-02,3.299677e-02,5.221682e-04,1.458552e-03
0.158000,5.017498e-04,3.846660e-03,0.000000e+00,1.390495e-02,5.488152e-02,1.928478e-04,1.697947e-03
0.159000,3.788150e-05,3.588407e-03,0.000000e+00,1.390078e-02,1.507982e-02,2.340128e-04,1.162673e-03
0.160000,2.563185e-06,3.704641e-03,0.000000e+00,1.389661e-02,3.922586e-03,4.873641e-05,1.064673e-03
0.161000,9.768107e-04,3.645665e-03,0.000000e+00,1.389244e-02,7.657513e-02,5.242442e-04,1.543780e-03
0.162000,1.222714e-03,3.641411e-03,0.000000e+00,1.388828e-02,8.567320e-02,6.563374e-04,2.205591e-03
0.163000,7.880096e-05,3.782893e-03,0.000000e+00,1.388411e-02,2.174945e-02,3.737092e-04,1.807885e-03
0.164000,8.812603e-04,3.670176e-03,0.000000e+00,1.387994e-02,7.273352e-02,1.554675e-03,9.549537e-04
0.165000,1.483362e-03,3.707531e-03,0.000000e+00,1.387578e-02,9.436395e-02,9.180916e-04,1.580518e-03
0.166000,4.138590e-03,3.751643e-03,0.000000e+00,1.387162e-02,1.576191e-01,5.450249e-03,4.053044e-04
0.167000,1.758693e-03,3.638765e-03,0.000000e+00,1.386746e-02,1.027490e-01,1.249985e-03,7.927008e-04
0.168000,1.767070e-05,3.500967e-03,0.000000e+00,1.386330e-02,1.029934e-02,1.477408e-05,6.637513e-04
0.169000,6.764270e-04,3.490022e-03,0.000000e+00,1.385914e-02,6.372253e-02,3.262410e-04,9.432841e-04
0.170000,1.855684e-03,3.653309e-03,0.000000e+00,1.385498e-02,1.055442e-01,1.180298e-03,1.736756e-03
0.171000,6.466056e-04,3.635923e-03,0.000000e+00,1.385082e-02,6.230203e-02,1.266115e-03,1.009342e-03
0.172000,2.272618e-03,4.121253e-03,1.562500e+01,1.395103e-02,1.168008e-01,1.511073e-03,1.793796e-03
0.173000,1.385960e-03,3.311416e-03,1.562500e+01,1.405043e-02,9.121324e-02,1.450207e-03,9.411045e-04
0.174000,1.796996e-03,3.771445e-03,1.562500e+01,1.428671e-02,1.038619e-01,1.149410e-03,1.583469e-03
0.175000,3.147808e-03,3.932092e-03,0.000000e+00,1.428242e-02,1.374633e-01,3.178639e-03,6.952214e-04
0.176000,5.881478e-03,4.021815e-03,0.000000e+00,1.427814e-02,1.878996e-01,5.594743e-03,1.522175e-04
0.177000,1.194488e-03,4.087810e-03,0.000000e+00,1.427385e-02,8.467855e-02,8.857243e-04,1.173051e-04
0.178000,2.209052e-06,4.227070e-03,0.000000e+00,1.426957e-02,3.641543e-03,1.985651e-05,1.202755e-04
0.179000,1.083927e-02,4.331991e-03,0.000000e+00,1.426529e-02,2.550836e-01,9.677010e-03,7.136553e-04
0.180000,7.823212e-05,3.929724e-03,0.000000e+00,1.426101e-02,2.167081e-02,3.397758e-04,6.112163e-04
0.181000,4.032767e-04,3.963635e-03,0.000000e+00,1.425673e-02,4.920215e-02,1.259065e-04,7.374366e-04
0.182000,2.204389e-04,4.211367e-03,0.000000e+00,1.425246e-02,3.637698e-02,3.082951e-05,7.530048e-04
0.183000,1.628011e-06,4.113847e-03,0.000000e+00,1.424818e-02,3.126159e-03,1.163036e-04,6.384321e-04
0.184000,4.759489e-05,3.796071e-03,0.000000e+00,1.424391e-02,1.690296e-02,2.554436e-04,5.717737e-04
0.185000,7.477031e-06,3.735284e-03,0.000000e+00,1.423963e-02,6.699572e-03,3.270977e-05,5.153551e-04
0.186000,2.969325e-05,3.666330e-03,0.000000e+00,1.423536e-02,1.335093e-02,1.868775e-04,4.383910e-04
0.187000,7.910883e-04,3.647878e-03,0.000000e+00,1.423109e-02,6.891202e-02,4.181441e-04,6.717174e-04
0.188000,9.508934e-04,3.758960e-03,0.000000e+00,1.422682e-02,7.555243e-02,5.007378e-04,9.288596e-04
0.189000,7.162352e-04,3.870672e-03,0.000000e+00,1.422255e-02,6.557078e-02,3.042495e-04,1.102706e-03
0.190000,1.914178e-03,3.810034e-03,0.000000e+00,1.421829e-02,1.071948e-01,2.888448e-03,4.712069e-04
0.191000,3.383280e-04,3.412029e-03,0.000000e+00,1.421402e-02,4.506626e-02,6.919471e-04,3.444874e-04
0.192000,3.255467e-03,3.379928e-03,0.000000e+00,1.420976e-02,1.397942e-01,2.517583e-03,9.238310e-04
0.193000,7.149109e-03,3.254141e-03,0.000000e+00,1.420549e-02,2.071612e-01,5.738234e-03,2.325946e-03
0.194000,4.983259e-03,2.990515e-03,0.000000e+00,1.420123e-02,1.729574e-01,3.466255e-03,4.152238e-03
0.195000,2.518908e-03,2.897561e-03,0.000000e+00,1.419697e-02,1.229670e-01,1.309857e-03,5.314466e-03
0.196000,2.951988e-03,3.061894e-03,0.000000e+00,1.419271e-02,1.331189e-01,1.514624e-03,6.402073e-03
0.197000,7.751366e-04,2.904747e-03,0.000000e+00,1.418846e-02,6.821370e-02,1.187827e-04,6.940400e-03
0.198000,2.785599e-03,2.841350e-03,0.000000e+00,1.418420e-02,1.293129e-01,1.251471e-03,8.415694e-03
0.199000,4.831852e-04,2.702187e-03,0.000000e+00,1.417994e-02,5.385665e-02,1.010361e-05,8.813760e-03
0.200000,1.958985e-03,2.484462e-03,0.000000e+00,1.417569e-02,1.084421e-01,3.998950e-03,6.673831e-03
0.201000,1.670570e-04,2.487860e-03,0.000000e+00,1.417144e-02,3.166757e-02,1.359549e-05,6.544725e-03
0.202000,1.685916e-03,2.413869e-03,0.000000e+00,1.416719e-02,1.006006e-01,3.314343e-03,4.701965e-03
0.203000,3.585466e-03,2.356123e-03,0.000000e+00,1.416294e-02,1.467085e-01,5.510371e-03,2.769528e-03
0.204000,1.105357e-03,2.763432e-03,0.000000e+00,1.415869e-02,8.145802e-02,4.707017e-04,2.849249e-03
0.205000,4.782332e-03,2.684786e-03,0.000000e+00,1.415444e-02,1.694347e-01,6.648833e-03,1.314452e-03
0.206000,1.402499e-03,2.754106e-03,0.000000e+00,1.415019e-02,9.175586e-02,7.923226e-04,1.724130e-03
0.207000,4.112770e-03,2.776789e-03,0.000000e+00,1.414595e-02,1.571266e-01,2.890603e-03,2.780713e-03
0.208000,1.167105e-03,2.701399e-03,0.000000e+00,1.414170e-02,8.370230e-02,2.168775e-03,1.910433e-03
0.209000,3.047857e-04,2.247316e-03,0.000000e+00,1.413746e-02,4.277400e-02,7.905049e-04,1.800112e-03
0.210000,4.980505e-03,2.169488e-03,0.000000e+00,1.413322e-02,1.729096e-01,6.427432e-03,7.053864e-04
0.211000,2.121705e-03,2.048968e-03,0.000000e+00,1.412898e-02,1.128561e-01,1.559767e-03,1.286560e-03
0.212000,2.458111e-05,1.984825e-03,0.000000e+00,1.412474e-02,1.214740e-02,1.689469e-04,1.132834e-03
0.213000,9.007802e-05,1.656418e-03,0.000000e+00,1.412050e-02,2.325369e-02,2.900468e-04,1.169902e-03
0.214000,4.577345e-03,1.627600e-03,0.000000e+00,1.411627e-02,1.657637e-01,5.556467e-03,4.075998e-04
0.215000,1.908352e-05,1.676037e-03,0.000000e+00,1.411203e-02,1.070315e-02,7.113197e-05,3.329640e-04
0.216000,7.083332e-05,1.550974e-03,0.000000e+00,1.410780e-02,2.062060e-02,1.472187e-04,2.775377e-04
0.217000,1.064646e-03,1.304482e-03,0.000000e+00,1.410357e-02,7.994385e-02,1.285755e-03,1.612933e-04
0.218000,3.626471e-06,1.244393e-03,0.000000e+00,1.409934e-02,4.665784e-03,3.122669e-09,1.807087e-04
0.219000,1.344459e-02,1.344093e-03,0.000000e+00,1.409511e-02,2.840902e-01,1.302863e-02,1.149353e-03
0.220000,1.587217e-02,1.200367e-03,0.000000e+00,1.409088e-02,3.086745e-01,1.742947e-02,1.396280e-04
0.221000,2.645767e-03,1.203483e-03,0.000000e+00,1.408665e-02,1.260255e-01,2.758119e-03,5.665287e-05
0.222000,7.378788e-04,1.125777e-03,0.000000e+00,1.408242e-02,6.655413e-02,7.890688e-04,9.209866e-05
0.223000,6.512740e-03,1.157946e-03,0.000000e+00,1.407820e-02,1.977263e-01,6.523261e-03,1.778047e-04
0.224000,4.294929e-03,1.131446e-03,0.000000e+00,1.407398e-02,1.605686e-01,3.911244e-03,5.693352e-04
0.225000,6.103627e-03,1.115628e-03,0.000000e+00,1.406975e-02,1.914152e-01,6.974984e-03,1.394041e-04
0.226000,4.450733e-03,1.072739e-03,0.000000e+00,1.406553e-02,1.634550e-01,4.771526e-03,1.331194e-04
0.227000,4.510495e-04,1.538799e-03,1.562500e+01,1.423228e-02,5.203489e-02,4.450341e-04,2.070861e-04
0.228000,1.059278e-03,9.552025e-04,1.562500e+01,1.439696e-02,7.974206e-02,1.846897e-03,6.811669e-05
0.229000,1.800410e-05,1.290358e-03,1.562500e+01,1.469130e-02,1.039605e-02,2.058264e-05,9.041232e-05
0.230000,2.000840e-04,1.279063e-03,0.000000e+00,1.468689e-02,3.465681e-02,2.214684e-05,1.000861e-04
0.231000,3.396452e-04,1.139872e-03,0.000000e+00,1.468248e-02,4.515390e-02,7.832769e-04,5.800003e-05
0.232000,2.094536e-03,1.225342e-03,0.000000e+00,1.467808e-02,1.121312e-01,1.391183e-03,1.543257e-04
0.233000,1.939010e-03,1.185978e-03,0.000000e+00,1.467367e-02,1.078878e-01,1.172932e-03,4.022793e-04
0.234000,1.679621e-03,1.091748e-03,0.000000e+00,1.466927e-02,1.004126e-01,8.991357e-04,6.237549e-04
0.235000,2.107667e-04,1.110962e-03,0.000000e+00,1.466487e-02,3.556997e-02,6.055932e-06,7.376022e-04
0.236000,1.530698e-03,1.057906e-03,0.000000e+00,1.466047e-02,9.585774e-02,7.299738e-04,1.176945e-03
0.237000,7.724473e-04,9.662855e-04,0.000000e+00,1.465607e-02,6.809527e-02,2.170567e-04,1.444591e-03
0.238000,1.626549e-03,9.360233e-04,0.000000e+00,1.465168e-02,9.881345e-02,7.163397e-04,1.941828e-03
0.239000,9.841291e-03,8.613124e-04,0.000000e+00,1.464728e-02,2.430572e-01,7.171869e-03,3.656617e-03
0.240000,3.782340e-05,8.816387e-04,0.000000e+00,1.464289e-02,1.506825e-02,5.640022e-04,3.355181e-03
0.241000,4.578087e-03,9.065110e-04,0.000000e+00,1.463849e-02,1.657771e-01,7.119031e-03,2.025882e-03
0.242000,1.470339e-02,9.855022e-04,0.000000e+00,1.463410e-02,2.970922e-01,1.159017e-02,3.947722e-03
0.243000,2.894077e-02,1.020904e-03,0.000000e+00,1.462971e-02,4.168094e-01,2.328901e-02,7.779740e-03
0.244000,1.406754e-03,9.498272e-04,0.000000e+00,1.462532e-02,9.189493e-02,2.079417e-04,8.489325e-03
0.245000,3.114670e-04,9.841426e-04,0.000000e+00,1.462094e-02,4.324028e-02,1.703582e-03,7.590918e-03
0.246000,6.884096e-04,8.968849e-04,0.000000e+00,1.461655e-02,6.428445e-02,2.339547e-03,7.092335e-03
0.247000,2.678547e-03,9.475890e-04,0.000000e+00,1.461216e-02,1.268038e-01,5.202194e-03,5.417321e-03
0.248000,4.045201e-05,1.097672e-03,0.000000e+00,1.460778e-02,1.558305e-02,1.294482e-04,5.556750e-03
0.249000,1.789185e-04,1.055425e-03,0.000000e+00,1.460340e-02,3.277255e-02,1.547402e-05,5.427216e-03
0.250000,7.453869e-04,1.042567e-03,0.000000e+00,1.459902e-02,6.689188e-02,1.030277e-04,5.642604e-03
0.251000,2.888924e-03,1.011525e-03,0.000000e+00,1.459464e-02,1.316893e-01,1.313554e-03,7.138663e-03
0.252000,9.692575e-03,8.635852e-04,0.000000e+00,1.459026e-02,2.412138e-01,6.342506e-03,1.005247e-02
0.253000,1.293213e-04,7.427994e-04,0.000000e+00,1.458588e-02,2.786234e-02,1.093732e-03,8.937259e-03
0.254000,6.928673e-04,6.803692e-04,0.000000e+00,1.458151e-02,6.449225e-02,2.192607e-03,7.439007e-03
0.255000,7.192192e-03,7.070813e-04,0.000000e+00,1.457713e-02,2.077845e-01,4.356615e-03,9.242084e-03
0.256000,1.254275e-02,6.795996e-04,0.000000e+00,1.457276e-02,2.743967e-01,8.245482e-03,1.186150e-02
0.257000,2.584225e-03,8.161447e-04,0.000000e+00,1.456839e-02,1.245511e-01,6.942962e-04,1.259323e-02
0.258000,3.068106e-05,1.121904e-03,0.000000e+00,1.456402e-02,1.357118e-02,9.608256e-04,1.083058e-02
0.259000,1.427218e-03,1.227388e-03,0.000000e+00,1.455965e-02,9.256091e-02,1.801325e-04,1.109028e-02
0.260000,6.591725e-03,1.250243e-03,0.000000e+00,1.455528e-02,1.989216e-01,3.173046e-03,1.282184e-02
0.261000,1.085538e-02,1.277173e-03,0.000000e+00,1.455091e-02,2.552731e-01,5.971179e-03,1.553729e-02
0.262000,7.142153e-03,1.322025e-03,0.000000e+00,1.454655e-02,2.070604e-01,3.000296e-03,1.749500e-02
0.263000,3.176341e-03,1.544587e-03,0.000000e+00,1.454218e-02,1.380849e-01,6.053836e-04,1.800744e-02
0.264000,2.740320e-03,1.520761e-03,0.000000e+00,1.453782e-02,1.282576e-01,3.864028e-04,1.936017e-02
0.265000,4.698638e-03,1.363999e-03,0.000000e+00,1.453346e-02,1.679455e-01,1.231621e-03,2.134222e-02
0.266000,1.961155e-05,1.358751e-03,0.000000e+00,1.452910e-02,1.085022e-02,9.207547e-04,1.980007e-02
0.267000,9.404654e-03,1.495477e-03,0.000000e+00,1.452474e-02,2.376041e-01,3.999005e-03,2.253095e-02
0.268000,2.144791e-04,1.574461e-03,0.000000e+00,1.452038e-02,3.588186e-02,4.591344e-04,2.149852e-02
0.269000,5.390487e-03,1.597411e-03,0.000000e+00,1.451603e-02,1.798856e-01,1.448012e-03,2.280917e-02
0.270000,6.691705e-04,1.485671e-03,0.000000e+00,1.451167e-02,6.337980e-02,1.194525e-04,2.183127e-02
0.271000,4.853104e-03,1.549125e-03,0.000000e+00,1.450732e-02,1.706838e-01,1.101650e-03,2.365936e-02
0.272000,4.634563e-04,1.453555e-03,0.000000e+00,1.450297e-02,5.274568e-02,2.625528e-04,2.286241e-02
0.273000,7.961898e-04,1.395036e-03,0.000000e+00,1.449862e-02,6.913386e-02,8.108170e-05,2.273084e-02
0.274000,6.584484e-03,1.229537e-03,0.000000e+00,1.449427e-02,1.988124e-01,1.951647e-03,2.433155e-02
0.275000,3.221434e-09,1.131667e-03,0.000000e+00,1.448992e-02,1.390616e-04,1.495791e-03,2.324922e-02
0.276000,3.487723e-04,1.244172e-03,0.000000e+00,1.448557e-02,4.575657e-02,3.471455e-04,2.211614e-02
0.277000,1.933468e-05,1.303766e-03,0.000000e+00,1.448123e-02,1.077336e-02,1.044037e-03,2.120947e-02
0.278000,3.885687e-05,1.347759e-03,0.000000e+00,1.447688e-02,1.527272e-02,8.634605e-04,2.003237e-02
0.279000,2.287153e-03,1.093548e-03,0.000000e+00,1.447254e-02,1.171737e-01,1.741283e-04,2.028175e-02
0.280000,7.885129e-04,9.406287e-04,0.000000e+00,1.446820e-02,6.879976e-02,5.007600e-05,1.975150e-02
0.281000,6.142618e-05,9.945658e-04,0.000000e+00,1.446386e-02,1.920257e-02,1.831870e-03,1.765357e-02
0.282000,4.662118e-03,1.083214e-03,0.000000e+00,1.445952e-02,1.672916e-01,1.210149e-03,1.869781e-02
0.283000,2.146098e-05,1.268495e-03,0.000000e+00,1.445518e-02,1.135030e-02,9.091927e-04,1.725453e-02
0.284000,1.522446e-04,1.409990e-03,0.000000e+00,1.445084e-02,3.023106e-02,4.591551e-04,1.692729e-02
0.285000,7.740501e-03,1.294045e-03,0.000000e+00,1.444651e-02,2.155594e-01,3.016749e-03,1.903338e-02
0.286000,2.884347e-05,1.449077e-03,0.000000e+00,1.444217e-02,1.315850e-02,8.815252e-04,1.771163e-02
0.287000,6.810642e-03,1.357294e-03,0.000000e+00,1.443784e-02,2.021979e-01,2.348919e-03,1.981818e-02
0.288000,1.007448e-03,1.287555e-03,0.000000e+00,1.443351e-02,7.776674e-02,1.679499e-05,1.928169e-02
0.289000,9.595279e-05,1.368451e-03,0.000000e+00,1.442918e-02,2.400000e-02,6.737543e-04,1.765478e-02
0.290000,2.627522e-05,1.480963e-03,0.000000e+00,1.442485e-02,1.255902e-02,1.601166e-03,1.680116e-02
0.291000,3.928914e-03,1.270943e-03,0.000000e+00,1.442052e-02,1.535744e-01,8.502281e-04,1.816272e-02
0.292000,2.301808e-03,1.356252e-03,0.000000e+00,1.441620e-02,1.175485e-01,1.787404e-04,1.852425e-02
0.293000,2.292641e-03,1.177120e-03,0.000000e+00,1.441187e-02,1.173142e-01,1.624425e-04,1.958924e-02
0.294000,8.232494e-04,1.303011e-03,0.000000e+00,1.440755e-02,7.029885e-02,4.139180e-03,1.737511e-02
0.295000,1.236666e-02,1.114658e-03,0.000000e+00,1.440323e-02,2.724638e-01,6.050515e-03,2.056730e-02
0.296000,1.801555e-06,1.061880e-03,0.000000e+00,1.439891e-02,3.288564e-03,1.216870e-03,1.970024e-02
0.297000,4.142606e-06,1.014237e-03,0.000000e+00,1.439459e-02,4.986770e-03,1.375287e-03,1.821865e-02
0.298000,2.799106e-03,9.193316e-04,0.000000e+00,1.439027e-02,1.296260e-01,3.653990e-04,1.901052e-02
0.299000,5.846680e-05,9.949798e-04,0.000000e+00,1.438595e-02,1.873429e-02,7.220444e-04,1.779349e-02
0.300000,1.760675e-03,8.149577e-04,0.000000e+00,1.438163e-02,1.028069e-01,6.957856e-05,1.845802e-02
0.301000,1.550095e-05,1.333199e-03,1.562500e+01,1.460878e-02,9.646320e-03,1.436384e-03,1.703836e-02
0.302000,2.029084e-03,4.942987e-05,4.687500e+01,1.502170e-02,1.103653e-01,7.947757e-06,1.669268e-02
0.303000,4.310365e-03,4.549293e-03,9.375000e+01,1.617043e-02,1.608568e-01,2.535931e-03,1.882966e-02
0.304000,4.126547e-03,1.218505e-03,1.406250e+02,1.727618e-02,1.573895e-01,1.223981e-04,1.972025e-02
0.305000,8.418727e-04,7.695417e-03,1.562500e+02,1.910072e-02,7.108954e-02,6.774965e-04,1.842140e-02
0.306000,9.284791e-03,1.674970e-03,1.093750e+02,2.025049e-02,2.360851e-01,4.573561e-05,1.923073e-02
0.307000,5.504138e-03,1.676006e-03,0.000000e+00,2.024442e-02,1.817721e-01,2.420147e-03,2.154726e-02
0.308000,1.641919e-04,1.715130e-03,0.000000e+00,2.023835e-02,3.139485e-02,1.950222e-04,2.118853e-02
0.309000,2.698752e-04,1.768677e-03,0.000000e+00,2.023227e-02,4.024982e-02,1.829400e-03,1.911852e-02
0.310000,3.829954e-03,1.900087e-03,0.000000e+00,2.022620e-02,1.516280e-01,1.368548e-03,2.047423e-02
0.311000,4.093433e-03,1.959931e-03,0.000000e+00,2.022014e-02,1.567568e-01,1.424001e-03,2.231474e-02
0.312000,4.552188e-03,1.994033e-03,0.000000e+00,2.021407e-02,1.653075e-01,1.587576e-03,2.424949e-02
0.313000,2.294590e-03,2.089827e-03,0.000000e+00,2.020801e-02,1.173640e-01,3.540626e-04,2.574481e-02
0.314000,6.820639e-07,2.067809e-03,0.000000e+00,2.020194e-02,2.023462e-03,9.385912e-04,2.495031e-02
0.315000,2.354957e-03,2.147977e-03,0.000000e+00,2.019588e-02,1.188978e-01,3.891636e-04,2.637488e-02
0.316000,1.770230e-03,2.293736e-03,0.000000e+00,2.018982e-02,1.030855e-01,1.567068e-04,2.737438e-02
0.317000,4.395932e-04,2.560063e-03,0.000000e+00,2.018377e-02,5.136981e-02,8.269510e-05,2.760608e-02
0.318000,3.794307e-03,2.588361e-03,0.000000e+00,2.017771e-02,1.509207e-01,1.010625e-03,2.855163e-02
0.319000,6.034403e-03,2.691157e-03,0.000000e+00,2.017166e-02,1.903267e-01,2.180290e-03,3.100541e-02
0.320000,3.315917e-06,2.739487e-03,0.000000e+00,2.016561e-02,4.461535e-03,1.191280e-03,2.952324e-02
0.321000,2.561262e-04,2.602796e-03,0.000000e+00,2.015956e-02,3.921114e-02,2.262288e-03,2.751520e-02
0.322000,3.513273e-03,2.493100e-03,0.000000e+00,2.015351e-02,1.452240e-01,8.589841e-04,2.838092e-02
0.323000,6.016497e-03,2.214696e-03,0.000000e+00,2.014746e-02,1.900441e-01,2.163227e-03,2.909349e-02
0.324000,1.807470e-02,2.281117e-03,0.000000e+00,2.014142e-02,3.293958e-01,1.034092e-02,3.403784e-02
0.325000,1.084340e-02,2.248597e-03,0.000000e+00,2.013538e-02,2.551322e-01,4.589809e-03,3.726070e-02
0.326000,9.986100e-04,2.352723e-03,0.000000e+00,2.012934e-02,7.742487e-02,5.239267e-05,3.684887e-02
0.327000,2.079229e-06,2.386292e-03,0.000000e+00,2.012330e-02,3.532919e-03,1.609822e-03,3.563662e-02
0.328000,5.918525e-04,2.431211e-03,0.000000e+00,2.011726e-02,5.960590e-02,1.701556e-04,3.523771e-02
0.329000,1.261415e-03,2.488877e-03,0.000000e+00,2.011123e-02,8.701847e-02,2.218028e-06,3.477518e-02
0.330000,6.663890e-03,2.511309e-03,0.000000e+00,2.010519e-02,2.000076e-01,1.988407e-03,3.692118e-02
0.331000,1.330028e-03,2.467159e-03,0.000000e+00,2.009916e-02,8.935376e-02,5.648145e-03,3.366298e-02
0.332000,4.145226e-03,2.452597e-03,0.000000e+00,2.009313e-02,1.577454e-01,7.968389e-04,3.484857e-02
0.333000,1.025479e-02,2.427693e-03,0.000000e+00,2.008710e-02,2.481110e-01,4.101476e-03,3.729583e-02
0.334000,1.700262e-03,2.487524e-03,0.000000e+00,2.008108e-02,1.010277e-01,2.861079e-06,3.709775e-02
0.335000,3.668583e-04,2.311470e-03,0.000000e+00,2.007505e-02,4.692796e-02,4.219976e-04,3.609144e-02
0.336000,4.161907e-03,2.273552e-03,0.000000e+00,2.006903e-02,1.580624e-01,6.470775e-04,3.763294e-02
0.337000,1.468846e-03,2.032100e-03,0.000000e+00,2.006301e-02,9.390109e-02,2.984777e-06,3.687587e-02
0.338000,3.094189e-03,2.039512e-03,0.000000e+00,2.005699e-02,1.362875e-01,2.414053e-04,3.770050e-02
0.339000,8.352516e-04,1.713200e-03,0.000000e+00,2.005097e-02,7.080944e-02,4.847580e-03,3.352515e-02
0.340000,2.497050e-03,1.535896e-03,0.000000e+00,2.004496e-02,1.224323e-01,1.339060e-04,3.340209e-02
0.341000,9.792435e-04,1.460762e-03,0.000000e+00,2.003894e-02,7.667042e-02,5.771490e-05,3.238109e-02
0.342000,4.116078e-04,1.468326e-03,0.000000e+00,2.003293e-02,4.970777e-02,3.395848e-04,3.199061e-02
0.343000,3.902467e-03,1.717117e-03,0.000000e+00,2.002692e-02,1.530566e-01,5.907257e-04,3.420107e-02
0.344000,1.443933e-03,1.598880e-03,0.000000e+00,2.002092e-02,9.310135e-02,5.943703e-03,3.003694e-02
0.345000,9.602755e-03,1.881733e-03,0.000000e+00,2.001491e-02,2.400935e-01,3.780339e-03,3.374010e-02
0.346000,4.686867e-03,1.754543e-03,0.000000e+00,2.000890e-02,1.677350e-01,8.842313e-04,3.495256e-02
0.347000,3.481259e-03,1.755913e-03,0.000000e+00,2.000290e-02,1.445608e-01,9.770698e-03,3.054096e-02
0.348000,9.269389e-04,1.785144e-03,0.000000e+00,1.999690e-02,7.459472e-02,3.674353e-05,3.046114e-02
0.349000,1.429872e-02,1.740084e-03,0.000000e+00,1.999090e-02,2.929754e-01,6.922186e-03,3.341933e-02
0.350000,9.206140e-03,1.816808e-03,0.000000e+00,1.998490e-02,2.350830e-01,3.204372e-03,3.600393e-02
0.351000,5.243473e-04,1.765735e-03,0.000000e+00,1.997891e-02,5.610377e-02,3.420067e-04,3.508210e-02
0.352000,6.058319e-04,1.643141e-03,0.000000e+00,1.997292e-02,6.030573e-02,2.635101e-04,3.445138e-02
0.353000,2.970448e-03,1.653485e-03,0.000000e+00,1.996692e-02,1.335345e-01,9.002122e-03,3.068476e-02
0.354000,7.980245e-07,1.473311e-03,0.000000e+00,1.996093e-02,2.188722e-03,1.317051e-03,2.847177e-02
0.355000,1.203323e-02,1.529687e-03,0.000000e+00,1.995495e-02,2.687655e-01,5.429689e-03,3.173317e-02
0.356000,1.483260e-04,1.396262e-03,0.000000e+00,1.994896e-02,2.983947e-02,6.999800e-04,3.036254e-02
0.357000,2.642408e-05,1.296711e-03,0.000000e+00,1.994297e-02,1.259454e-02,1.067048e-03,2.824372e-02
0.358000,6.389465e-03,1.103952e-03,0.000000e+00,1.993699e-02,1.958460e-01,1.864091e-03,2.927622e-02
0.359000,1.213703e-03,1.007337e-03,0.000000e+00,1.993101e-02,8.535692e-02,5.353594e-03,2.628808e-02
0.360000,2.553726e-03,1.162240e-03,0.000000e+00,1.992503e-02,1.238140e-01,2.145973e-04,2.773240e-02
0.361000,5.906747e-03,1.113639e-03,0.000000e+00,1.991905e-02,1.883028e-01,1.631235e-03,2.896727e-02
0.362000,1.820479e-03,1.063409e-03,0.000000e+00,1.991308e-02,1.045383e-01,2.235863e-05,2.877796e-02
0.363000,3.235045e-03,1.052608e-03,0.000000e+00,1.990710e-02,1.393550e-01,9.036530e-03,2.545948e-02
0.364000,3.027482e-03,1.054872e-03,0.000000e+00,1.990113e-02,1.348104e-01,4.015187e-04,2.631866e-02
0.365000,1.894562e-04,1.192327e-03,0.000000e+00,1.989516e-02,3.372383e-02,4.832728e-04,2.588540e-02
0.366000,1.157343e-03,1.135074e-03,0.000000e+00,1.988919e-02,8.335151e-02,1.089582e-06,2.560221e-02
0.367000,6.310378e-04,1.245395e-03,0.000000e+00,1.988323e-02,6.154747e-02,9.957605e-05,2.571041e-02
0.368000,1.115531e-02,1.319727e-03,0.000000e+00,1.987726e-02,2.587756e-01,5.011488e-03,2.842741e-02
0.369000,4.439476e-04,1.387422e-03,0.000000e+00,1.987130e-02,5.162361e-02,2.646033e-04,2.819904e-02
0.370000,1.977634e-05,1.546036e-03,0.000000e+00,1.986534e-02,1.089571e-02,1.050225e-03,2.777418e-02
0.371000,4.066368e-04,1.344681e-03,0.000000e+00,1.985938e-02,4.940670e-02,3.133722e-03,2.468406e-02
0.372000,5.628572e-04,1.354577e-03,0.000000e+00,1.985342e-02,5.812749e-02,1.047638e-04,2.421332e-02
0.373000,3.672006e-04,1.301786e-03,0.000000e+00,1.984746e-02,4.694985e-02,2.106083e-04,2.324199e-02
0.374000,4.476567e-05,1.394452e-03,0.000000e+00,1.984151e-02,1.639287e-02,7.049450e-04,2.299126e-02
0.375000,2.441707e-03,1.347373e-03,0.000000e+00,1.983556e-02,1.210680e-01,2.897098e-04,2.328392e-02
0.376000,3.243154e-03,1.662937e-03,0.000000e+00,1.982961e-02,1.395296e-01,5.716305e-04,2.517693e-02
0.377000,7.215451e-04,1.491493e-03,0.000000e+00,1.982366e-02,6.581339e-02,4.989733e-05,2.447641e-02
0.378000,6.284831e-04,1.576159e-03,0.000000e+00,1.981771e-02,6.142276e-02,7.532584e-05,2.441710e-02
0.379000,7.477915e-05,1.390762e-03,0.000000e+00,1.981176e-02,2.118716e-02,1.777733e-03,2.268133e-02
0.380000,7.665166e-03,1.223734e-03,0.000000e+00,1.980582e-02,2.145079e-01,3.071281e-03,2.418706e-02
0.381000,1.242395e-03,1.086221e-03,0.000000e+00,1.979988e-02,8.635996e-02,4.808406e-03,2.151186e-02
0.382000,2.213662e-04,1.121779e-03,0.000000e+00,1.979394e-02,3.645341e-02,2.856708e-04,2.138629e-02
0.383000,1.827470e-04,1.111470e-03,0.000000e+00,1.978800e-02,3.312132e-02,3.147241e-04,2.079603e-02
0.384000,9.681254e-04,1.134722e-03,0.000000e+00,1.978206e-02,7.623393e-02,3.821954e-03,1.905664e-02
0.385000,2.788128e-04,1.174790e-03,0.000000e+00,1.977613e-02,4.091088e-02,2.055677e-03,1.795360e-02
0.386000,5.323637e-07,1.244340e-03,0.000000e+00,1.977020e-02,1.787667e-03,6.973077e-04,1.755542e-02
0.387000,1.479262e-04,1.249925e-03,0.000000e+00,1.976427e-02,2.979924e-02,1.477485e-03,1.652145e-02
0.388000,1.010120e-03,1.157892e-03,0.000000e+00,1.975834e-02,7.786978e-02,4.599824e-05,1.633873e-02
0.389000,9.125474e-04,1.229152e-03,0.000000e+00,1.975241e-02,7.401338e-02,2.437900e-05,1.681804e-02
0.390000,1.293127e-04,1.149847e-03,0.000000e+00,1.974648e-02,2.786141e-02,1.990198e-04,1.613589e-02
0.391000,5.440613e-03,1.039035e-03,0.000000e+00,1.974056e-02,1.807201e-01,9.760615e-03,1.330661e-02
0.392000,6.074447e-03,1.026712e-03,0.000000e+00,1.973464e-02,1.909571e-01,9.926011e-03,1.099593e-02
0.393000,1.185844e-03,9.169624e-04,0.000000e+00,1.972872e-02,8.437162e-02,2.782010e-03,9.562481e-03
0.394000,2.295903e-03,9.693431e-04,0.000000e+00,1.972280e-02,1.173976e-01,4.152255e-03,8.488134e-03
0.395000,9.509364e-04,9.618511e-04,0.000000e+00,1.971688e-02,7.555414e-02,2.724421e-04,8.768860e-03
0.396000,8.629807e-04,9.324894e-04,0.000000e+00,1.971097e-02,7.197523e-02,1.960721e-03,7.849321e-03
0.397000,4.147451e-03,9.269407e-04,0.000000e+00,1.970505e-02,1.577877e-01,2.601242e-03,8.769009e-03
0.398000,2.640649e-04,1.006567e-03,0.000000e+00,1.969914e-02,3.981419e-02,1.217156e-06,9.041779e-03
0.399000,2.699966e-03,1.061060e-03,0.000000e+00,1.969323e-02,1.273097e-01,4.509852e-03,7.947248e-03
0.400000,9.124337e-04,1.070364e-03,0.000000e+00,1.968732e-02,7.400876e-02,1.858969e-03,7.214657e-03
0.401000,3.576774e-05,1.297943e-03,0.000000e+00,1.968142e-02,1.465306e-02,3.034673e-04,7.463862e-03
0.402000,4.459177e-04,1.072354e-03,0.000000e+00,1.967551e-02,5.173803e-02,1.021493e-03,6.370860e-03
0.403000,1.878003e-04,9.268601e-04,0.000000e+00,1.966961e-02,3.357613e-02,5.501082e-04,5.661518e-03
0.404000,6.107189e-03,9.660576e-04,0.000000e+00,1.966371e-02,1.914711e-01,4.789219e-03,6.851870e-03
0.405000,3.150664e-03,1.028994e-03,0.000000e+00,1.965781e-02,1.375256e-01,2.009914e-03,7.741223e-03
0.406000,2.830583e-06,1.090201e-03,0.000000e+00,1.965191e-02,4.122119e-03,2.105362e-04,7.652954e-03
0.407000,2.271054e-06,1.018182e-03,0.000000e+00,1.964602e-02,3.692294e-03,1.172583e-04,7.281642e-03
0.408000,4.464144e-03,9.069464e-04,0.000000e+00,1.964012e-02,1.637011e-01,6.206653e-03,5.746997e-03
0.409000,1.508566e-04,8.490566e-04,0.000000e+00,1.963423e-02,3.009294e-02,8.999061e-06,5.620953e-03
0.410000,1.278200e-03,7.875716e-04,0.000000e+00,1.962834e-02,8.759552e-02,6.955701e-04,5.846333e-03
0.411000,5.037243e-03,9.268733e-04,0.000000e+00,1.962245e-02,1.738917e-01,6.600655e-03,5.007635e-03
0.412000,4.910187e-04,9.539678e-04,0.000000e+00,1.961657e-02,5.429146e-02,8.795756e-04,4.719095e-03
0.413000,9.549104e-03,8.705742e-04,0.000000e+00,1.961068e-02,2.394219e-01,1.085693e-02,3.257255e-03
0.414000,2.007081e-03,7.726339e-04,0.000000e+00,1.960480e-02,1.097653e-01,1.754460e-03,3.517328e-03
0.415000,6.007764e-03,7.824788e-04,0.000000e+00,1.959892e-02,1.899061e-01,5.357197e-03,4.441689e-03
0.416000,1.516207e-04,7.688882e-04,0.000000e+00,1.959304e-02,3.016906e-02,3.052052e-05,4.415622e-03
0.417000,3.911917e-06,7.274595e-04,0.000000e+00,1.958716e-02,4.845932e-03,7.995428e-05,4.215301e-03
0.418000,5.353593e-03,7.869337e-04,0.000000e+00,1.958128e-02,1.792690e-01,6.370477e-03,3.434688e-03
0.419000,6.140997e-06,7.795567e-04,0.000000e+00,1.957541e-02,6.071583e-03,4.091303e-05,3.348105e-03
0.420000,8.609698e-04,7.823902e-04,0.000000e+00,1.956954e-02,7.189132e-02,6.585500e-04,3.677207e-03
0.421000,6.053348e-03,5.885498e-04,0.000000e+00,1.956366e-02,1.906252e-01,6.779023e-03,2.406523e-03
0.422000,3.294587e-03,6.383039e-04,0.000000e+00,1.955780e-02,1.406316e-01,3.100831e-03,3.049773e-03
0.423000,4.886321e-03,5.468695e-04,0.000000e+00,1.955193e-02,1.712669e-01,4.398645e-03,3.517827e-03
0.424000,7.485009e-03,4.944437e-04,0.000000e+00,1.954606e-02,2.119721e-01,8.524560e-03,2.456476e-03
0.425000,7.087398e-04,5.890565e-04,0.000000e+00,1.954020e-02,6.522678e-02,8.574567e-04,2.397044e-03
0.426000,1.544214e-03,6.080346e-04,0.000000e+00,1.953434e-02,9.628004e-02,1.417868e-03,2.799820e-03
0.427000,3.785382e-03,7.332452e-04,0.000000e+00,1.952848e-02,1.507431e-01,4.149941e-03,2.434713e-03
0.428000,2.679658e-03,8.000003e-04,0.000000e+00,1.952262e-02,1.268300e-01,2.609279e-03,3.029838e-03
0.429000,5.499818e-03,7.580687e-04,0.000000e+00,1.951676e-02,1.817007e-01,5.860004e-03,2.228604e-03
0.430000,1.313842e-02,7.019595e-04,0.000000e+00,1.951091e-02,2.808369e-01,1.319175e-02,3.271281e-03
0.431000,1.496019e-02,7.699112e-04,0.000000e+00,1.950505e-02,2.996754e-01,1.408433e-02,4.808801e-03
0.432000,6.948020e-04,7.662361e-04,0.000000e+00,1.949920e-02,6.458223e-02,1.155952e-03,4.349795e-03
0.433000,3.723288e-03,6.283942e-04,0.000000e+00,1.949335e-02,1.495016e-01,4.555627e-03,3.216857e-03
0.434000,3.606859e-03,5.257821e-04,0.000000e+00,1.948750e-02,1.471455e-01,4.125685e-03,2.374858e-03
0.435000,2.758150e-03,7.195982e-04,0.000000e+00,1.948166e-02,1.286742e-01,2.969751e-03,2.226402e-03
0.436000,4.715013e-04,6.885161e-04,0.000000e+00,1.947581e-02,5.320151e-02,4.760813e-04,1.986991e-03
0.437000,6.710704e-04,6.260260e-04,0.000000e+00,1.946997e-02,6.346971e-02,7.059009e-04,2.079436e-03
0.438000,7.237205e-04,6.570275e-04,0.000000e+00,1.946413e-02,6.591253e-02,7.127206e-04,2.385929e-03
0.439000,1.649063e-03,7.076480e-04,0.000000e+00,1.945829e-02,9.949498e-02,1.738001e-03,2.125394e-03
0.440000,1.323688e-03,5.370726e-04,0.000000e+00,1.945245e-02,8.914055e-02,1.297750e-03,1.563460e-03
0.441000,3.412558e-03,5.773382e-04,0.000000e+00,1.944662e-02,1.431273e-01,3.227210e-03,1.174918e-03
0.442000,9.863075e-03,5.744668e-04,0.000000e+00,1.944078e-02,2.433261e-01,1.058399e-02,1.930005e-03
0.443000,5.301857e-03,5.155406e-04,0.000000e+00,1.943495e-02,1.784007e-01,5.284255e-03,1.288873e-03
0.444000,1.218705e-05,6.376580e-04,0.000000e+00,1.942912e-02,8.553264e-03,7.745728e-07,1.373542e-03
0.445000,6.417975e-03,6.380059e-04,0.000000e+00,1.942329e-02,1.962825e-01,5.996320e-03,9.256114e-04
0.446000,3.025041e-04,6.920028e-04,0.000000e+00,1.941746e-02,4.261359e-02,5.164133e-04,1.065760e-03
0.447000,3.134427e-03,7.799570e-04,0.000000e+00,1.941164e-02,1.371708e-01,2.639934e-03,8.617200e-04
0.448000,3.863830e-04,8.976106e-04,0.000000e+00,1.940582e-02,4.816056e-02,6.781037e-04,1.082028e-03
0.449000,1.087945e-03,1.010896e-03,0.000000e+00,1.939999e-02,8.081390e-02,7.527379e-04,1.060681e-03
0.450000,5.667941e-05,7.835768e-04,0.000000e+00,1.939417e-02,1.844570e-02,1.021150e-06,8.119899e-04
0.451000,9.919590e-03,9.673720e-04,0.000000e+00,1.938836e-02,2.440222e-01,8.649019e-03,5.556255e-04
0.452000,9.373141e-05,9.621864e-04,0.000000e+00,1.938254e-02,2.372057e-02,1.071432e-08,5.460024e-04
0.453000,1.036820e-02,1.095154e-03,0.000000e+00,1.937672e-02,2.494791e-01,8.462191e-03,3.082619e-04
0.454000,1.797630e-03,1.152345e-03,0.000000e+00,1.937091e-02,1.038802e-01,3.068397e-03,5.486675e-04
0.455000,3.428204e-03,1.140705e-03,0.000000e+00,1.936510e-02,1.434551e-01,2.243630e-03,3.424802e-04
0.456000,1.776359e-03,1.111587e-03,0.000000e+00,1.935929e-02,1.032638e-01,8.589351e-04,2.429548e-04
0.457000,2.296320e-03,1.319665e-03,0.000000e+00,1.935348e-02,1.174083e-01,3.820284e-03,5.503245e-04
0.458000,1.701200e-03,1.585047e-03,0.000000e+00,1.934768e-02,1.010555e-01,8.632826e-04,6.028820e-04
0.459000,4.714093e-03,1.740275e-03,0.000000e+00,1.934187e-02,1.682215e-01,3.107686e-03,4.812459e-04
0.460000,5.631735e-04,1.830714e-03,0.000000e+00,1.933607e-02,5.814383e-02,7.881791e-05,4.947843e-04
0.461000,1.889125e-04,1.731854e-03,0.000000e+00,1.933027e-02,3.367541e-02,2.167642e-06,4.464913e-04
0.462000,3.023988e-02,1.486472e-03,0.000000e+00,1.932447e-02,4.260618e-01,2.517437e-02,5.926370e-05
0.463000,4.014770e-03,1.661498e-03,0.000000e+00,1.931867e-02,1.552433e-01,1.824491e-03,4.863592e-05
0.464000,2.419181e-03,1.616114e-03,0.000000e+00,1.931288e-02,1.205082e-01,7.300291e-04,3.308883e-05
0.465000,9.274411e-04,1.653691e-03,0.000000e+00,1.930708e-02,7.461492e-02,5.322889e-05,7.946925e-06
0.466000,6.912506e-03,1.612324e-03,0.000000e+00,1.930129e-02,2.037043e-01,3.558633e-03,4.119228e-05
0.467000,5.231707e-05,1.540437e-03,0.000000e+00,1.929550e-02,1.772165e-02,3.366724e-04,3.840547e-05
0.468000,3.209302e-04,1.491204e-03,0.000000e+00,1.928971e-02,4.389224e-02,5.094161e-05,3.732866e-05
0.469000,2.678282e-05,1.626339e-03,0.000000e+00,1.928393e-02,1.267975e-02,3.890054e-04,2.245793e-05
0.470000,2.205586e-04,1.848816e-03,0.000000e+00,1.927814e-02,3.638685e-02,8.966644e-05,7.964112e-05
0.471000,1.910425e-03,2.036609e-03,0.000000e+00,1.927236e-02,1.070897e-01,3.850236e-04,1.005799e-04
0.472000,6.454980e-04,2.035498e-03,0.000000e+00,1.926657e-02,6.224865e-02,2.523860e-03,9.610780e-05
0.473000,3.128258e-03,2.077273e-03,0.000000e+00,1.926079e-02,1.370357e-01,1.069643e-03,6.740990e-05
0.474000,3.633559e-06,1.987718e-03,0.000000e+00,1.925502e-02,4.670341e-03,6.924497e-04,7.392077e-05
0.475000,1.127984e-03,1.989213e-03,0.000000e+00,1.924924e-02,8.228753e-02,9.957469e-05,7.331264e-05
0.476000,9.407152e-07,2.011065e-03,0.000000e+00,1.924347e-02,2.376357e-03,5.315297e-04,6.457111e-05
0.477000,4.542507e-04,2.162904e-03,0.000000e+00,1.923769e-02,5.221921e-02,4.075816e-06,1.191643e-04
0.478000,1.947428e-03,2.393993e-03,0.000000e+00,1.923192e-02,1.081218e-01,4.552870e-03,2.681574e-04
0.479000,9.872726e-05,2.302611e-03,0.000000e+00,1.922615e-02,2.434451e-02,1.258949e-04,2.592449e-04
0.480000,1.897654e-03,2.353354e-03,0.000000e+00,1.922038e-02,1.067311e-01,4.149530e-03,4.690858e-04
0.481000,3.391444e-03,2.219403e-03,0.000000e+00,1.921462e-02,1.426839e-01,1.558102e-03,3.223862e-04
0.482000,2.446575e-04,2.212283e-03,0.000000e+00,1.920885e-02,3.832320e-02,2.041959e-05,3.139534e-04
0.483000,2.370391e-03,2.431180e-03,0.000000e+00,1.920309e-02,1.192868e-01,8.182668e-04,3.269799e-04
0.484000,1.085797e-04,2.541600e-03,0.000000e+00,1.919733e-02,2.553036e-02,9.944876e-04,4.529001e-04
0.485000,1.453660e-03,2.835559e-03,0.000000e+00,1.919157e-02,9.341443e-02,3.238799e-04,5.181910e-04
0.486000,1.214892e-03,3.028969e-03,0.000000e+00,1.918581e-02,8.539870e-02,1.973471e-04,5.470434e-04
0.487000,1.973481e-03,3.073919e-03,0.000000e+00,1.918006e-02,1.088426e-01,5.322685e-04,5.029978e-04
0.488000,6.925442e-05,2.107766e-03,1.562500e+01,1.933919e-02,2.038948e-02,9.317542e-04,6.125238e-04
0.489000,7.054723e-03,1.990842e-03,0.000000e+00,1.933339e-02,2.057892e-01,5.054191e-03,3.419709e-04
0.490000,8.792871e-03,2.387565e-03,0.000000e+00,1.932759e-02,2.297460e-01,6.147592e-03,3.066846e-04
0.491000,1.701448e-02,2.497138e-03,0.000000e+00,1.932179e-02,3.195890e-01,1.262499e-02,2.302931e-04
0.492000,7.847786e-04,2.232699e-03,0.000000e+00,1.931599e-02,6.863665e-02,2.495289e-03,1.998423e-04
0.493000,6.808667e-03,2.271334e-03,0.000000e+00,1.931020e-02,2.021685e-01,3.863327e-03,2.137493e-04
0.494000,3.418473e-03,2.239185e-03,0.000000e+00,1.930441e-02,1.432513e-01,1.290943e-03,1.465914e-04
0.495000,1.240064e-03,1.850139e-03,0.000000e+00,1.929861e-02,8.627888e-02,1.293478e-04,2.061189e-04
0.496000,2.932328e-03,2.152417e-03,0.000000e+00,1.929283e-02,1.326749e-01,6.158235e-03,1.022307e-04
0.497000,1.585354e-04,2.341431e-03,0.000000e+00,1.928704e-02,3.084932e-02,1.182207e-03,1.137969e-04
0.498000,3.363227e-03,2.331120e-03,0.000000e+00,1.928125e-02,1.420891e-01,1.388243e-03,6.609538e-05
0.499000,2.210278e-05,2.241893e-03,0.000000e+00,1.927547e-02,1.151877e-02,3.018965e-04,5.873540e-05
